"","year","Montgomery AL","Mobile AL","Phoenix AZ","Flagstaff AZ","Fort Smith AR","Sacramento CA","LosAngeles CA","Fresno CA","Eureka CA","Grand Junction CO","Denver CO","Colorado Springs CO","Tampa FL","Pensacola FL","Jacksonville FL","Washington DC DC","Savannah GA","Augusta GA","Atlanta GA","Boise ID","Springfield  IL","Moline IL","Chicago IL","Indianapolis IN","Evansville IN","Cedar Rapids IA","Dubuque IA","Des Moines IA","Topeka KS","Dodge City KS","Concordia KS","Louisville KY","Shreveport LA","Portland ME","Baltimore MD","Boston MA","Sault Ste Marie MI","Marquette MI","Lansing MI","Grand Rapids MI","Detroit MI","Minneapolis MN","Duluth MN","Meridian MS","Springfield MO","Kansas City MO","Helena MT","Havre MT","Valentine NE","Omaha NE","North Platte NE","Winnemucca NV","Concord NH","Roswell NM","Albuquerque NM","Rochester NY","New York NY","Albany NY","Raleigh NC","Charlotte NC","Williston ND","Fargo ND","Bismarck ND","Columbus OH","Oklahoma OK","Pittsburgh PA","Philadelphia PA","Middletown Harrisburg PA","Erie PA","Columbia SC","Sioux Falls SD","Huron SD","Nashville TN","Memphis TN","Chattanooga TN","San Antonio TX","Houston TX","Dallas Fort Worth TX","Corpus Christi TX","Amarillo TX","Abilene TX","Salt Lake City UT","Norfolk VA","Lynchburg VA","Spokane WA","Seattle WA","Eau Claire WI","Milwaukee WI","Madison WI","La Crosse WI","Green Bay WI","Lander WY","Cheyenne WY"
"1",1850,NA,NA,NA,NA,NA,NA,NA,NA,NA,NA,NA,NA,NA,NA,NA,NA,NA,NA,NA,NA,NA,NA,NA,NA,NA,NA,NA,NA,NA,NA,NA,NA,NA,NA,NA,NA,NA,NA,NA,NA,NA,NA,NA,NA,NA,NA,NA,NA,NA,NA,NA,NA,NA,NA,NA,NA,NA,NA,NA,NA,NA,NA,NA,NA,NA,NA,NA,NA,NA,NA,NA,NA,NA,NA,NA,NA,NA,NA,NA,NA,NA,NA,NA,NA,NA,NA,NA,NA,NA,NA,NA,NA,NA
"2",1851,NA,NA,NA,NA,NA,NA,NA,NA,NA,NA,NA,NA,NA,NA,NA,NA,NA,NA,NA,NA,NA,NA,NA,NA,NA,NA,NA,NA,NA,NA,NA,NA,NA,NA,NA,NA,NA,NA,NA,NA,NA,NA,NA,NA,NA,NA,NA,NA,NA,NA,NA,NA,NA,NA,NA,NA,NA,NA,NA,NA,NA,NA,NA,NA,NA,NA,NA,NA,NA,NA,NA,NA,NA,NA,NA,NA,NA,NA,NA,NA,NA,NA,NA,NA,NA,NA,NA,NA,NA,NA,NA,NA,NA
"3",1852,NA,NA,NA,NA,NA,NA,NA,NA,NA,NA,NA,NA,NA,NA,NA,NA,NA,NA,NA,NA,NA,NA,NA,NA,NA,NA,NA,NA,NA,NA,NA,NA,NA,NA,NA,NA,NA,NA,NA,NA,NA,NA,NA,NA,NA,NA,NA,NA,NA,NA,NA,NA,NA,NA,NA,NA,NA,NA,NA,NA,NA,NA,NA,NA,NA,NA,NA,NA,NA,NA,NA,NA,NA,NA,NA,NA,NA,NA,NA,NA,NA,NA,NA,NA,NA,NA,NA,NA,NA,NA,NA,NA,NA
"4",1853,NA,NA,NA,NA,NA,NA,NA,NA,NA,NA,NA,NA,NA,NA,NA,NA,NA,NA,NA,NA,NA,NA,NA,NA,NA,NA,NA,NA,NA,NA,NA,NA,NA,NA,NA,NA,NA,NA,NA,NA,NA,NA,NA,NA,NA,NA,NA,NA,NA,NA,NA,NA,NA,NA,NA,NA,NA,NA,NA,NA,NA,NA,NA,NA,NA,NA,NA,NA,NA,NA,NA,NA,NA,NA,NA,NA,NA,NA,NA,NA,NA,NA,NA,NA,NA,NA,NA,NA,NA,NA,NA,NA,NA
"5",1854,NA,NA,NA,NA,NA,NA,NA,NA,NA,NA,NA,NA,NA,NA,NA,NA,NA,NA,NA,NA,NA,NA,NA,NA,NA,NA,NA,NA,NA,NA,NA,NA,NA,NA,NA,NA,NA,NA,NA,NA,NA,NA,NA,NA,NA,NA,NA,NA,NA,NA,NA,NA,NA,NA,NA,NA,NA,NA,NA,NA,NA,NA,NA,NA,NA,NA,NA,NA,NA,NA,NA,NA,NA,NA,NA,NA,NA,NA,NA,NA,NA,NA,NA,NA,NA,NA,NA,NA,NA,NA,NA,NA,NA
"6",1855,NA,NA,NA,NA,NA,NA,NA,NA,NA,NA,NA,NA,NA,NA,NA,NA,NA,NA,NA,NA,NA,NA,NA,NA,NA,NA,NA,NA,NA,NA,NA,NA,NA,NA,NA,NA,NA,NA,NA,NA,NA,NA,NA,NA,NA,NA,NA,NA,NA,NA,NA,NA,NA,NA,NA,NA,NA,NA,NA,NA,NA,NA,NA,NA,NA,NA,NA,NA,NA,NA,NA,NA,NA,NA,NA,NA,NA,NA,NA,NA,NA,NA,NA,NA,NA,NA,NA,NA,NA,NA,NA,NA,NA
"7",1856,NA,NA,NA,NA,NA,NA,NA,NA,NA,NA,NA,NA,NA,NA,NA,NA,NA,NA,NA,NA,NA,NA,NA,NA,NA,NA,NA,NA,NA,NA,NA,NA,NA,NA,NA,NA,NA,NA,NA,NA,NA,NA,NA,NA,NA,NA,NA,NA,NA,NA,NA,NA,NA,NA,NA,NA,NA,NA,NA,NA,NA,NA,NA,NA,NA,NA,NA,NA,NA,NA,NA,NA,NA,NA,NA,NA,NA,NA,NA,NA,NA,NA,NA,NA,NA,NA,NA,NA,NA,NA,NA,NA,NA
"8",1857,NA,NA,NA,NA,NA,NA,NA,NA,NA,NA,NA,NA,NA,NA,NA,NA,NA,NA,NA,NA,NA,NA,NA,NA,NA,NA,NA,NA,NA,NA,NA,NA,NA,NA,NA,NA,NA,NA,NA,NA,NA,NA,NA,NA,NA,NA,NA,NA,NA,NA,NA,NA,NA,NA,NA,NA,NA,NA,NA,NA,NA,NA,NA,NA,NA,NA,NA,NA,NA,NA,NA,NA,NA,NA,NA,NA,NA,NA,NA,NA,NA,NA,NA,NA,NA,NA,NA,NA,NA,NA,NA,NA,NA
"9",1858,NA,NA,NA,NA,NA,NA,NA,NA,NA,NA,NA,NA,NA,NA,NA,NA,NA,NA,NA,NA,NA,NA,NA,NA,NA,NA,NA,NA,NA,NA,NA,NA,NA,NA,NA,NA,NA,NA,NA,NA,NA,NA,NA,NA,NA,NA,NA,NA,NA,NA,NA,NA,NA,NA,NA,NA,NA,NA,NA,NA,NA,NA,NA,NA,NA,NA,NA,NA,NA,NA,NA,NA,NA,NA,NA,NA,NA,NA,NA,NA,NA,NA,NA,NA,NA,NA,NA,NA,NA,NA,NA,NA,NA
"10",1859,NA,NA,NA,NA,NA,NA,NA,NA,NA,NA,NA,NA,NA,NA,NA,NA,NA,NA,NA,NA,NA,NA,NA,NA,NA,NA,NA,NA,NA,NA,NA,NA,NA,NA,NA,NA,NA,NA,NA,NA,NA,NA,NA,NA,NA,NA,NA,NA,NA,NA,NA,NA,NA,NA,NA,NA,NA,NA,NA,NA,NA,NA,NA,NA,NA,NA,NA,NA,NA,NA,NA,NA,NA,NA,NA,NA,NA,NA,NA,NA,NA,NA,NA,NA,NA,NA,NA,NA,NA,NA,NA,NA,NA
"11",1860,NA,NA,NA,NA,NA,NA,NA,NA,NA,NA,NA,NA,NA,NA,NA,NA,NA,NA,NA,NA,NA,NA,NA,NA,NA,NA,NA,NA,NA,NA,NA,NA,NA,NA,NA,NA,NA,NA,NA,NA,NA,NA,NA,NA,NA,NA,NA,NA,NA,NA,NA,NA,NA,NA,NA,NA,NA,NA,NA,NA,NA,NA,NA,NA,NA,NA,NA,NA,NA,NA,NA,NA,NA,NA,NA,NA,NA,NA,NA,NA,NA,NA,NA,NA,NA,NA,NA,NA,NA,NA,NA,NA,NA
"12",1861,NA,NA,NA,NA,NA,NA,NA,NA,NA,NA,NA,NA,NA,NA,NA,NA,NA,NA,NA,NA,NA,NA,NA,NA,NA,NA,NA,NA,NA,NA,NA,NA,NA,NA,NA,NA,NA,NA,NA,NA,NA,NA,NA,NA,NA,NA,NA,NA,NA,NA,NA,NA,NA,NA,NA,NA,NA,NA,NA,NA,NA,NA,NA,NA,NA,NA,NA,NA,NA,NA,NA,NA,NA,NA,NA,NA,NA,NA,NA,NA,NA,NA,NA,NA,NA,NA,NA,NA,NA,NA,NA,NA,NA
"13",1862,NA,NA,NA,NA,NA,NA,NA,NA,NA,NA,NA,NA,NA,NA,NA,NA,NA,NA,NA,NA,NA,NA,NA,NA,NA,NA,NA,NA,NA,NA,NA,NA,NA,NA,NA,NA,NA,NA,NA,NA,NA,NA,NA,NA,NA,NA,NA,NA,NA,NA,NA,NA,NA,NA,NA,NA,NA,NA,NA,NA,NA,NA,NA,NA,NA,NA,NA,NA,NA,NA,NA,NA,NA,NA,NA,NA,NA,NA,NA,NA,NA,NA,NA,NA,NA,NA,NA,NA,NA,NA,NA,NA,NA
"14",1863,NA,NA,NA,NA,NA,NA,NA,NA,NA,NA,NA,NA,NA,NA,NA,NA,NA,NA,NA,NA,NA,NA,NA,NA,NA,NA,NA,NA,NA,NA,NA,NA,NA,NA,NA,NA,NA,NA,NA,NA,NA,NA,NA,NA,NA,NA,NA,NA,NA,NA,NA,NA,NA,NA,NA,NA,NA,NA,NA,NA,NA,NA,NA,NA,NA,NA,NA,NA,NA,NA,NA,NA,NA,NA,NA,NA,NA,NA,NA,NA,NA,NA,NA,NA,NA,NA,NA,NA,NA,NA,NA,NA,NA
"15",1864,NA,NA,NA,NA,NA,NA,NA,NA,NA,NA,NA,NA,NA,NA,NA,NA,NA,NA,NA,NA,NA,NA,NA,NA,NA,NA,NA,NA,NA,NA,NA,NA,NA,NA,NA,NA,NA,NA,NA,NA,NA,NA,NA,NA,NA,NA,NA,NA,NA,NA,NA,NA,NA,NA,NA,NA,NA,NA,NA,NA,NA,NA,NA,NA,NA,NA,NA,NA,NA,NA,NA,NA,NA,NA,NA,NA,NA,NA,NA,NA,NA,NA,NA,NA,NA,NA,NA,NA,NA,NA,NA,NA,NA
"16",1865,NA,NA,NA,NA,NA,NA,NA,NA,NA,NA,NA,NA,NA,NA,NA,NA,NA,NA,NA,NA,NA,NA,NA,NA,NA,NA,NA,NA,NA,NA,NA,NA,NA,NA,NA,NA,NA,NA,NA,NA,NA,NA,NA,NA,NA,NA,NA,NA,NA,NA,NA,NA,NA,NA,NA,NA,NA,NA,NA,NA,NA,NA,NA,NA,NA,NA,NA,NA,NA,NA,NA,NA,NA,NA,NA,NA,NA,NA,NA,NA,NA,NA,NA,NA,NA,NA,NA,NA,NA,NA,NA,NA,NA
"17",1866,NA,NA,NA,NA,NA,NA,NA,NA,NA,NA,NA,NA,NA,NA,NA,NA,NA,NA,NA,NA,NA,NA,NA,NA,NA,NA,NA,NA,NA,NA,NA,NA,NA,NA,NA,NA,NA,NA,NA,NA,NA,NA,NA,NA,NA,NA,NA,NA,NA,NA,NA,NA,NA,NA,NA,NA,NA,NA,NA,NA,NA,NA,NA,NA,NA,NA,NA,NA,NA,NA,NA,NA,NA,NA,NA,NA,NA,NA,NA,NA,NA,NA,NA,NA,NA,NA,NA,NA,NA,NA,NA,NA,NA
"18",1867,NA,NA,NA,NA,NA,NA,NA,NA,NA,NA,NA,NA,NA,NA,NA,NA,NA,NA,NA,NA,NA,NA,NA,NA,NA,NA,NA,NA,NA,NA,NA,NA,NA,NA,NA,NA,NA,NA,NA,NA,NA,NA,NA,NA,NA,NA,NA,NA,NA,NA,NA,NA,NA,NA,NA,NA,NA,NA,NA,NA,NA,NA,NA,NA,NA,NA,NA,NA,NA,NA,NA,NA,NA,NA,NA,NA,NA,NA,NA,NA,NA,NA,NA,NA,NA,NA,NA,NA,NA,NA,NA,NA,NA
"19",1868,NA,NA,NA,NA,NA,NA,NA,NA,NA,NA,NA,NA,NA,NA,NA,NA,NA,NA,NA,NA,NA,NA,NA,NA,NA,NA,NA,NA,NA,NA,NA,NA,NA,NA,NA,NA,NA,NA,NA,NA,NA,NA,NA,NA,NA,NA,NA,NA,NA,NA,NA,NA,NA,NA,NA,NA,NA,NA,NA,NA,NA,NA,NA,NA,NA,NA,NA,NA,NA,NA,NA,NA,NA,NA,NA,NA,NA,NA,NA,NA,NA,NA,NA,NA,NA,NA,NA,NA,NA,NA,NA,NA,NA
"20",1869,NA,NA,NA,NA,NA,NA,NA,NA,NA,NA,NA,NA,NA,NA,NA,NA,NA,NA,NA,NA,NA,NA,NA,NA,NA,NA,NA,NA,NA,NA,NA,NA,NA,NA,NA,NA,NA,NA,NA,NA,NA,NA,NA,NA,NA,NA,NA,NA,NA,NA,NA,NA,NA,NA,NA,NA,NA,NA,NA,NA,NA,NA,NA,NA,NA,NA,NA,NA,NA,NA,NA,NA,NA,NA,NA,NA,NA,NA,NA,NA,NA,NA,NA,NA,NA,NA,NA,NA,NA,NA,NA,NA,NA
"21",1870,NA,NA,NA,NA,NA,NA,NA,NA,NA,NA,NA,NA,NA,NA,NA,NA,NA,NA,NA,NA,NA,NA,NA,NA,NA,NA,NA,NA,NA,NA,NA,NA,NA,NA,NA,NA,NA,NA,NA,NA,NA,NA,NA,NA,NA,NA,NA,NA,NA,NA,NA,NA,NA,NA,NA,NA,NA,NA,NA,NA,NA,NA,NA,NA,NA,NA,NA,NA,NA,NA,NA,NA,NA,NA,NA,NA,NA,NA,NA,NA,NA,NA,NA,NA,NA,NA,NA,NA,NA,NA,NA,NA,NA
"22",1871,NA,NA,NA,NA,NA,NA,NA,NA,NA,NA,NA,NA,NA,NA,NA,NA,NA,NA,NA,NA,NA,NA,NA,NA,NA,NA,NA,NA,NA,NA,NA,NA,NA,NA,NA,NA,NA,NA,NA,NA,NA,NA,NA,NA,NA,NA,NA,NA,NA,NA,NA,NA,NA,NA,NA,NA,NA,NA,NA,NA,NA,NA,NA,NA,NA,NA,NA,NA,NA,NA,NA,NA,NA,NA,NA,NA,NA,NA,NA,NA,NA,NA,NA,NA,NA,NA,NA,NA,NA,NA,NA,NA,NA
"23",1872,NA,NA,NA,NA,NA,NA,NA,NA,NA,NA,NA,NA,NA,NA,NA,NA,NA,NA,NA,NA,NA,NA,NA,NA,NA,NA,NA,NA,NA,NA,NA,NA,NA,NA,NA,NA,NA,NA,NA,NA,NA,NA,NA,NA,NA,NA,NA,NA,NA,NA,NA,NA,NA,NA,NA,NA,NA,NA,NA,NA,NA,NA,NA,NA,NA,NA,NA,NA,NA,NA,NA,NA,NA,NA,NA,NA,NA,NA,NA,NA,NA,NA,NA,NA,NA,NA,NA,NA,NA,NA,NA,NA,NA
"24",1873,NA,NA,NA,NA,NA,NA,NA,NA,NA,NA,NA,NA,NA,NA,NA,NA,NA,NA,NA,NA,NA,NA,NA,NA,NA,NA,NA,NA,NA,NA,NA,NA,NA,NA,NA,NA,NA,NA,NA,NA,NA,NA,NA,NA,NA,NA,NA,NA,NA,NA,NA,NA,NA,NA,NA,NA,NA,NA,NA,NA,NA,NA,NA,NA,NA,NA,NA,NA,NA,NA,NA,NA,NA,NA,NA,NA,NA,NA,NA,NA,NA,NA,NA,NA,NA,NA,NA,NA,NA,NA,NA,NA,NA
"25",1874,NA,NA,NA,NA,NA,NA,NA,NA,NA,NA,NA,NA,NA,NA,NA,NA,NA,NA,NA,NA,NA,NA,NA,NA,NA,NA,NA,NA,NA,NA,NA,NA,NA,NA,NA,NA,NA,NA,NA,NA,NA,NA,NA,NA,NA,NA,NA,NA,NA,NA,NA,NA,NA,NA,NA,NA,NA,NA,NA,NA,NA,NA,NA,NA,NA,NA,NA,NA,NA,NA,NA,NA,NA,NA,NA,NA,NA,NA,NA,NA,NA,NA,NA,NA,NA,NA,NA,NA,NA,NA,NA,NA,NA
"26",1875,NA,NA,NA,NA,NA,NA,NA,NA,NA,NA,NA,NA,NA,NA,NA,NA,NA,NA,NA,NA,NA,NA,NA,NA,NA,NA,NA,NA,NA,NA,NA,NA,NA,NA,NA,NA,NA,NA,NA,NA,NA,NA,NA,NA,NA,NA,NA,NA,NA,NA,NA,NA,NA,NA,NA,NA,NA,NA,NA,NA,NA,NA,NA,NA,NA,NA,NA,NA,NA,NA,NA,NA,NA,NA,NA,NA,NA,NA,NA,NA,NA,NA,NA,NA,NA,NA,NA,NA,NA,NA,NA,NA,NA
"27",1876,NA,NA,NA,NA,NA,NA,NA,NA,NA,NA,NA,NA,NA,NA,NA,NA,NA,NA,NA,NA,NA,NA,NA,NA,NA,NA,NA,NA,NA,NA,NA,NA,NA,NA,NA,NA,NA,NA,NA,NA,NA,NA,NA,NA,NA,NA,NA,NA,NA,NA,NA,NA,NA,NA,NA,NA,NA,NA,NA,NA,NA,NA,NA,NA,NA,NA,NA,NA,NA,NA,NA,NA,NA,NA,NA,NA,NA,NA,NA,NA,NA,NA,NA,NA,NA,NA,NA,NA,NA,NA,NA,NA,NA
"28",1877,NA,NA,NA,NA,NA,NA,NA,NA,NA,NA,NA,NA,NA,NA,NA,NA,NA,NA,NA,NA,NA,NA,NA,NA,NA,NA,NA,NA,NA,NA,NA,NA,NA,NA,NA,NA,NA,NA,NA,NA,NA,NA,NA,NA,NA,NA,NA,NA,NA,NA,NA,NA,NA,NA,NA,NA,NA,NA,NA,NA,NA,NA,NA,NA,NA,NA,NA,NA,NA,NA,NA,NA,NA,NA,NA,NA,NA,NA,NA,NA,NA,NA,NA,NA,NA,NA,NA,NA,NA,NA,NA,NA,NA
"29",1878,NA,NA,NA,NA,NA,NA,NA,NA,NA,NA,NA,NA,NA,NA,NA,NA,NA,NA,NA,NA,NA,NA,NA,NA,NA,NA,NA,NA,NA,NA,NA,NA,NA,NA,NA,NA,NA,NA,NA,NA,NA,NA,NA,NA,NA,NA,NA,NA,NA,NA,NA,NA,0.976,NA,NA,NA,-1.872,NA,NA,NA,NA,NA,NA,NA,NA,NA,NA,NA,NA,NA,NA,NA,NA,NA,NA,NA,NA,NA,NA,NA,NA,NA,NA,NA,NA,NA,NA,NA,-0.239,NA,NA,NA,NA
"30",1879,NA,NA,NA,NA,NA,NA,NA,NA,NA,NA,NA,NA,NA,NA,NA,NA,NA,NA,NA,NA,NA,NA,NA,NA,NA,NA,NA,NA,NA,NA,NA,NA,NA,NA,NA,NA,NA,NA,NA,NA,NA,NA,NA,NA,NA,NA,NA,NA,NA,NA,NA,NA,1.043,NA,NA,NA,-1.807,NA,NA,NA,NA,NA,NA,NA,NA,NA,NA,NA,NA,NA,NA,NA,NA,NA,NA,NA,NA,NA,NA,NA,NA,NA,NA,NA,NA,NA,NA,NA,0.242,NA,NA,NA,NA
"31",1880,NA,NA,NA,NA,NA,NA,NA,NA,NA,NA,NA,NA,NA,NA,NA,NA,NA,NA,NA,NA,NA,NA,NA,NA,NA,NA,NA,NA,NA,NA,NA,NA,NA,NA,NA,NA,NA,NA,NA,NA,NA,NA,NA,NA,NA,NA,NA,NA,NA,-1.17,NA,NA,1.056,NA,NA,NA,-1.888,NA,NA,NA,NA,NA,NA,NA,NA,NA,NA,NA,NA,NA,NA,NA,NA,NA,NA,NA,NA,NA,NA,NA,NA,NA,NA,NA,NA,NA,NA,-1.166,0.269,NA,NA,NA,NA
"32",1881,NA,NA,NA,NA,NA,NA,NA,NA,NA,NA,-0.646,NA,NA,NA,0.521,-1.102,NA,NA,NA,NA,NA,NA,NA,0.472,NA,NA,NA,NA,NA,NA,NA,NA,NA,NA,NA,NA,NA,NA,NA,NA,NA,NA,NA,NA,NA,NA,NA,NA,NA,-1.242,NA,NA,1.34,NA,NA,-0.845,-1.793,NA,NA,NA,NA,NA,NA,NA,NA,NA,NA,NA,NA,NA,NA,NA,NA,NA,NA,NA,NA,NA,NA,NA,NA,NA,NA,NA,NA,NA,NA,-1.105,0.417,NA,NA,NA,NA
"33",1882,0.577,0.443,NA,NA,NA,NA,NA,NA,NA,NA,-0.382,NA,NA,NA,0.605,-1.1,NA,NA,NA,NA,NA,NA,-0.287,0.598,NA,NA,NA,NA,NA,NA,NA,0.459,NA,NA,-0.288,-1.657,NA,NA,NA,NA,NA,-0.579,NA,NA,NA,NA,NA,NA,NA,-0.961,NA,NA,1.335,NA,NA,-0.691,-1.75,NA,NA,NA,NA,NA,NA,NA,NA,NA,NA,NA,NA,NA,NA,NA,NA,NA,NA,NA,NA,NA,NA,NA,NA,NA,NA,NA,NA,NA,NA,-0.797,0.751,0.318,NA,NA,-0.274
"34",1883,0.846,0.728,NA,NA,NA,NA,NA,NA,NA,NA,-0.391,NA,NA,NA,0.772,-1.175,NA,NA,NA,NA,NA,-0.292,-0.266,0.492,NA,NA,NA,NA,NA,NA,NA,0.609,NA,NA,-0.242,-1.691,NA,NA,-0.881,NA,-0.624,-0.481,NA,NA,NA,NA,NA,NA,NA,-0.976,NA,NA,1.41,NA,NA,NA,-1.816,-0.063,NA,NA,NA,NA,NA,NA,NA,NA,-0.937,NA,0.398,NA,NA,NA,NA,NA,NA,NA,NA,NA,NA,NA,NA,NA,-0.133,NA,NA,NA,NA,-0.9,0.689,0.293,NA,NA,-0.372
"35",1884,0.743,0.655,NA,NA,NA,NA,NA,NA,NA,NA,-0.514,NA,NA,NA,0.803,-1.19,0.624,0.922,NA,NA,NA,-0.423,-0.491,0.196,NA,NA,0.324,NA,NA,-1.187,NA,0.591,0.475,1.942,-0.133,-1.662,NA,-0.281,-1.032,NA,-0.516,-0.349,0.739,NA,NA,NA,NA,NA,NA,-1.113,-0.632,NA,1.422,NA,NA,NA,-1.726,0.301,NA,NA,NA,NA,-1.629,NA,NA,1.115,-0.825,NA,0.342,NA,NA,NA,0.144,-0.376,NA,NA,NA,NA,NA,NA,NA,-0.347,0.009,NA,NA,NA,NA,-1.106,0.401,0.125,NA,NA,-0.6
"36",1885,0.522,0.421,NA,NA,NA,NA,NA,NA,NA,NA,-0.499,NA,NA,NA,0.733,-1.077,0.566,0.896,NA,NA,NA,-0.231,-0.301,0.144,NA,NA,0.468,NA,NA,-1.173,NA,0.695,0.345,2.049,0.046,-1.557,NA,-0.294,-1.013,NA,-0.214,0.107,0.852,NA,NA,NA,NA,NA,NA,-0.928,-0.44,NA,1.508,NA,NA,NA,-1.607,0.629,NA,NA,NA,NA,-1.168,NA,NA,1.308,-0.636,NA,0.39,NA,NA,NA,0.113,-0.301,NA,NA,NA,NA,NA,NA,NA,-0.32,0.081,NA,NA,NA,NA,-0.985,0.35,0.298,NA,NA,-0.392
"37",1886,0.443,0.235,NA,NA,NA,NA,NA,NA,NA,NA,-0.512,NA,NA,NA,0.677,-1.167,0.505,0.794,NA,NA,NA,-0.221,-0.283,0.053,NA,NA,0.446,NA,NA,-1.238,NA,0.626,0.353,1.829,0.03,-1.508,NA,-0.325,-1.034,NA,0.005,0.18,1.001,NA,NA,NA,NA,NA,NA,-0.859,-0.33,NA,1.399,NA,NA,NA,-1.669,0.786,NA,NA,NA,NA,-0.792,NA,NA,1.365,-0.522,NA,0.306,NA,NA,NA,-0.08,-0.414,NA,NA,NA,NA,NA,NA,NA,-0.269,-0.045,NA,NA,NA,NA,-0.933,0.334,0.491,NA,NA,NA
"38",1887,0.444,0.174,NA,NA,NA,-0.882,-1.916,NA,NA,NA,-0.402,NA,NA,NA,0.61,-1.25,0.396,0.769,NA,NA,NA,-0.335,-0.64,-0.059,NA,NA,0.205,NA,NA,-1.244,NA,0.608,0.558,1.379,-0.071,-1.66,NA,-0.902,-1.117,NA,-0.046,-0.248,0.524,NA,NA,NA,NA,NA,NA,-0.978,-0.305,NA,1.089,NA,NA,NA,-1.851,0.775,NA,NA,NA,NA,-1.145,NA,NA,1.384,-0.491,NA,0.199,NA,NA,NA,-0.006,-0.256,NA,NA,NA,NA,NA,NA,NA,-0.203,-0.07,NA,NA,NA,NA,-0.986,0.076,0.179,NA,NA,NA
"39",1888,0.408,0.019,NA,NA,NA,-0.824,-1.795,NA,NA,NA,-0.384,NA,NA,NA,0.616,-1.512,0.252,0.634,-0.305,NA,NA,-0.829,-1.175,-0.347,NA,NA,-0.363,-1.042,NA,-1.357,NA,0.412,0.434,0.705,-0.379,-1.952,NA,-1.743,-1.456,NA,-0.365,-0.992,-0.131,NA,NA,NA,NA,NA,NA,-1.345,-0.6,NA,0.597,NA,NA,NA,-2.277,0.5,NA,-0.323,NA,NA,-1.802,-0.219,NA,NA,-0.702,NA,-0.274,NA,NA,NA,-0.14,-0.387,0.22,NA,NA,NA,NA,NA,NA,-0.152,-0.254,NA,NA,NA,NA,-1.493,-0.571,-0.579,NA,NA,NA
"40",1889,0.327,-0.16,NA,NA,NA,-0.778,-1.68,NA,NA,NA,-0.525,NA,NA,0.097,0.464,-1.494,0.037,0.548,-0.372,NA,-0.366,-0.827,-1.303,-0.349,NA,NA,-0.358,-1.037,NA,-1.422,NA,0.339,0.344,0.643,-0.339,-1.726,NA,NA,-1.377,NA,-0.272,-0.996,0.055,NA,NA,NA,NA,NA,NA,-1.328,-0.613,NA,0.679,NA,NA,NA,-2.214,0.861,NA,-0.311,NA,NA,-1.488,-0.297,NA,NA,-0.584,NA,-0.358,NA,NA,NA,-0.233,-0.372,0.148,NA,NA,NA,NA,NA,NA,-0.139,-0.287,NA,NA,NA,NA,-1.526,-0.718,NA,NA,NA,NA
"41",1890,0.408,-0.197,NA,NA,NA,-0.639,-1.299,NA,NA,NA,-0.249,NA,NA,0.157,0.452,NA,-0.019,0.618,-0.331,NA,-0.521,-0.962,-1.532,-0.313,NA,NA,-0.448,-1.134,NA,-1.221,NA,0.414,0.484,NA,-0.326,-1.836,NA,NA,-1.352,NA,-0.215,-1.112,0.147,NA,NA,NA,-0.108,NA,NA,-1.356,-0.511,NA,0.339,NA,NA,NA,-2.208,0.655,NA,-0.155,NA,-2.824,-1.314,-0.334,NA,NA,-0.565,NA,-0.527,NA,NA,NA,-0.142,-0.231,0.302,NA,NA,NA,NA,NA,NA,0.142,-0.318,NA,NA,NA,NA,-1.612,-0.893,NA,NA,NA,NA
"42",1891,0.28,-0.4,NA,NA,NA,-0.593,-1.238,NA,NA,NA,-0.608,NA,NA,0.039,0.326,NA,-0.184,0.396,-0.509,NA,-0.714,-1.048,-1.649,-0.401,NA,NA,-0.538,-1.246,NA,-1.356,NA,0.252,0.246,NA,-0.489,-1.757,NA,NA,-1.398,NA,-0.418,-1.213,0.065,NA,NA,NA,-0.127,-1.082,NA,-1.373,-0.689,NA,0.205,NA,NA,NA,-2.02,0.491,NA,-0.365,NA,-2.682,-1.286,-0.499,NA,NA,-0.511,NA,-0.621,NA,NA,NA,-0.332,-0.376,0.296,NA,NA,NA,NA,NA,NA,-0.011,-0.378,NA,-0.006,NA,NA,-1.61,-1.045,NA,NA,NA,NA
"43",1892,0.073,-0.726,NA,NA,-0.696,-0.526,-1.21,NA,NA,NA,-0.763,NA,NA,-0.152,0.113,NA,-0.423,0.144,-0.779,NA,-1.048,-1.367,-1.998,-0.544,NA,NA,-0.708,-1.495,NA,-1.603,NA,-0.022,-0.075,NA,-0.661,-1.711,NA,NA,-1.52,NA,-0.757,-1.416,-0.152,NA,NA,NA,-0.013,-1.249,NA,-1.577,-0.947,NA,0.063,NA,NA,NA,-1.975,0.241,NA,-0.535,NA,-2.665,-1.495,-0.719,NA,NA,-0.647,NA,-0.81,NA,NA,NA,-0.63,-0.596,0.159,NA,NA,NA,NA,NA,NA,0.144,-0.533,NA,0.137,NA,NA,-1.918,-1.429,NA,NA,NA,NA
"44",1893,-0.081,-0.997,NA,NA,-0.909,-0.649,-1.337,NA,NA,NA,-0.555,NA,NA,-0.322,-0.02,NA,-0.601,-0.086,-0.906,-0.506,-1.088,-1.294,-2.054,-0.492,NA,NA,-0.686,-1.448,NA,-1.315,NA,-0.126,-0.179,NA,NA,NA,NA,NA,-1.276,NA,-0.818,-1.295,-0.17,NA,NA,NA,-0.054,-1.25,NA,-1.504,-0.845,NA,-0.269,NA,NA,-1.151,-1.917,0.083,NA,-0.662,NA,-2.561,-1.496,-0.779,NA,NA,-0.752,NA,-0.851,NA,NA,NA,-0.734,-0.629,0.052,NA,NA,NA,NA,NA,NA,0.094,-0.65,NA,0.051,NA,NA,-1.896,-1.385,NA,NA,NA,NA
"45",1894,-0.019,-1.027,NA,NA,-0.963,-0.608,-1.506,NA,NA,NA,-0.427,NA,NA,-0.362,-0.012,NA,-0.59,-0.223,-0.853,-0.509,-1.009,-0.985,-1.901,-0.294,NA,NA,-0.349,-1.111,NA,-0.969,NA,-0.067,-0.235,NA,NA,NA,NA,NA,-1.084,NA,-0.785,-0.977,0.258,NA,NA,NA,0.233,-0.861,NA,-1.149,-0.602,0.016,-0.329,NA,NA,-0.847,-1.833,0.078,NA,-0.64,NA,-2.091,-1.061,-0.682,NA,NA,-0.657,NA,-0.676,NA,NA,NA,-0.682,-0.562,0.15,NA,NA,NA,NA,NA,NA,0.088,-0.661,NA,0.279,NA,NA,-1.556,-0.947,NA,NA,NA,NA
"46",1895,0.097,-0.973,NA,NA,-1.045,-0.854,-1.763,NA,NA,NA,-0.546,NA,NA,-0.385,NA,NA,-0.618,-0.292,-0.77,-0.834,-1.001,-0.847,-1.893,-0.057,NA,NA,-0.006,-0.966,NA,-0.919,-1.072,-0.079,-0.35,NA,NA,NA,NA,NA,-0.849,NA,-0.771,-0.828,0.498,NA,NA,NA,-0.076,-1.386,NA,-0.954,-0.596,-0.348,-0.2,NA,NA,-0.618,-1.588,0.278,NA,-0.636,NA,-2.034,-1.096,-0.433,NA,NA,-0.485,NA,-0.591,NA,NA,NA,-0.624,-0.547,0.24,-0.346,NA,NA,NA,NA,-0.816,-0.151,-0.644,NA,0.073,NA,NA,-1.262,-0.604,NA,NA,NA,NA
"47",1896,0.318,-0.742,NA,NA,-0.654,-0.788,-1.702,NA,-0.635,NA,-0.352,NA,NA,-0.271,NA,NA,-0.454,-0.049,-0.502,-0.858,-0.967,-0.677,-1.866,0.217,NA,NA,0.215,-0.978,NA,-0.626,-0.759,0.179,-0.197,NA,NA,NA,NA,NA,-0.788,NA,-0.837,-0.617,0.551,NA,NA,NA,-0.146,-1.695,NA,-0.796,-0.539,-0.339,-0.289,NA,NA,-0.5,-1.36,0.309,-0.372,-0.355,NA,-2.036,-1.322,-0.174,NA,NA,-0.411,NA,-0.487,NA,NA,NA,-0.268,-0.21,0.605,-0.091,NA,NA,NA,NA,-0.682,-0.19,-0.45,NA,0.014,NA,NA,-1.003,-0.443,NA,NA,NA,NA
"48",1897,0.369,-0.661,NA,NA,-0.547,-0.854,-1.765,-0.219,-0.502,NA,-0.471,NA,NA,-0.221,NA,NA,-0.277,0.001,-0.424,-0.901,-0.962,-0.61,-1.709,0.279,NA,NA,0.269,-0.868,-0.676,-0.564,-0.576,0.196,-0.233,NA,NA,NA,NA,NA,-0.725,NA,-0.817,-0.402,0.705,NA,-0.431,NA,-0.02,-1.605,NA,-0.691,-0.435,-0.336,-0.321,NA,NA,-0.347,-1.094,0.432,-0.199,-0.312,NA,-1.823,-1.238,-0.135,NA,NA,-0.409,NA,-0.548,-0.052,NA,NA,-0.192,-0.181,0.631,-0.01,NA,NA,-1.203,NA,-0.717,-0.388,-0.33,NA,0.148,NA,NA,-0.814,-0.32,NA,NA,NA,-0.12
"49",1898,0.33,-0.691,NA,NA,-0.427,-1.052,-1.823,-0.347,-0.727,NA,-0.617,NA,NA,-0.243,NA,NA,-0.187,0,-0.385,-1.141,-0.679,-0.312,-1.439,0.492,NA,NA,0.536,-0.617,-0.433,-0.612,-0.426,0.398,-0.209,NA,NA,NA,-0.318,NA,-0.387,NA,-0.45,0.039,1.017,NA,-0.39,NA,-0.062,-1.529,NA,-0.474,-0.369,-0.558,-0.118,NA,NA,0.16,-0.526,0.865,-0.013,-0.307,NA,-1.463,-0.959,0.134,NA,NA,-0.125,-0.641,-0.186,0.017,NA,NA,-0.029,-0.031,0.638,0.108,NA,NA,-1.133,NA,-0.628,-0.716,-0.173,NA,0.077,NA,NA,-0.419,-0.029,NA,NA,NA,-0.306
"50",1899,0.326,-0.675,NA,NA,-0.473,-1.185,-1.939,-0.529,-0.913,NA,-0.74,NA,NA,-0.167,NA,NA,-0.055,-0.028,-0.327,-1.255,-0.635,-0.279,-1.418,0.47,NA,NA,0.465,-0.687,-0.326,-0.623,-0.386,0.431,-0.22,NA,NA,NA,-0.46,NA,-0.387,NA,-0.465,-0.034,0.814,-0.372,-0.409,NA,-0.429,-2.019,NA,-0.579,-0.465,-0.82,-0.385,NA,NA,0.275,-0.409,0.736,0,-0.386,NA,-1.586,-1.378,0.225,NA,NA,-0.16,-0.606,-0.148,0.001,NA,NA,-0.017,-0.095,0.596,0.192,NA,NA,-1.129,NA,-0.572,-0.905,-0.138,NA,-0.114,NA,NA,-0.34,-0.113,NA,NA,NA,-0.549
"51",1900,0.144,-0.785,NA,NA,-0.402,-1.141,-1.956,-0.511,-0.654,NA,-0.645,NA,-0.652,-0.237,NA,NA,-0.095,-0.213,-0.402,-0.955,-0.504,-0.193,-1.373,0.474,NA,NA,0.566,-0.556,-0.156,-0.489,-0.17,0.427,-0.28,NA,NA,NA,-0.182,NA,-0.413,NA,-0.416,0.243,0.982,-0.514,-0.363,NA,-0.216,-1.653,NA,-0.373,-0.243,-0.686,-0.35,NA,NA,0.431,-0.282,0.93,-0.022,-0.503,NA,-1.268,-1.157,0.299,-0.969,1.549,-0.048,-0.423,-0.067,-0.038,NA,NA,-0.061,-0.115,0.432,0.171,NA,NA,-1.142,NA,-0.583,-0.656,-0.171,NA,0.129,NA,NA,-0.165,-0.026,NA,NA,NA,-0.522
"52",1901,-0.047,-0.887,NA,NA,-0.161,-1.192,-2.046,-0.468,-0.698,NA,-0.278,NA,-0.81,-0.296,NA,NA,-0.19,-0.362,-0.515,-0.658,-0.471,-0.11,-1.42,0.329,NA,NA,0.614,-0.373,0.092,-0.187,0.008,0.305,-0.211,NA,NA,NA,-0.138,NA,-0.591,NA,-0.52,0.253,0.999,-0.633,-0.221,NA,-0.011,-1.397,NA,-0.13,0.042,-0.655,-0.536,NA,NA,0.277,-0.446,0.845,-0.057,-0.593,NA,-1.041,-0.929,0.232,-0.752,1.44,-0.169,-0.499,-0.169,-0.118,NA,NA,-0.196,-0.117,0.137,0.332,NA,NA,-1.019,-1.506,-0.377,-0.388,-0.273,NA,0.117,NA,NA,-0.15,0.017,NA,NA,-1.267,-0.365
"53",1902,0.05,-0.741,NA,NA,-0.003,-1.289,-2.088,-0.554,-0.589,0.12,-0.07,NA,-0.752,-0.184,NA,-1.294,-0.039,-0.248,-0.356,-0.479,-0.334,0.068,-1.208,0.379,NA,NA,0.782,-0.208,0.142,0.038,0.102,0.391,-0.069,NA,NA,NA,0.052,0.137,-0.525,NA,-0.386,0.324,1.154,-0.476,-0.162,NA,-0.139,-1.316,NA,0.009,0.296,-0.65,-0.57,NA,-0.394,0.345,-0.362,0.849,0.1,-0.459,NA,-0.828,-0.808,0.332,-0.602,1.56,-0.084,-0.413,-0.081,-0.122,NA,NA,-0.056,-0.004,0.191,0.391,NA,NA,-0.87,-1.419,-0.229,-0.297,-0.171,NA,0.078,NA,NA,0.131,0.247,NA,NA,-1.105,-0.305
"54",1903,-0.161,-0.867,NA,NA,-0.015,-1.231,-2.021,-0.437,-0.467,NA,-0.177,NA,-0.873,-0.329,NA,-1.23,-0.123,-0.307,-0.419,-0.238,-0.244,0.276,-1.055,0.371,NA,NA,0.954,-0.019,0.071,-0.097,0.024,0.431,-0.252,NA,NA,NA,0.326,0.343,-0.43,NA,-0.258,0.348,1.321,-0.571,-0.218,NA,0.026,-1.048,-0.107,0.165,0.394,-0.626,-0.23,NA,-0.35,0.492,-0.132,0.987,0.201,-0.399,-1.72,-0.452,-0.621,0.417,-0.699,1.69,0.036,-0.291,0.03,-0.228,NA,-0.456,-0.072,-0.073,0.061,0.02,NA,NA,-1.036,-1.52,-0.555,-0.273,-0.117,NA,0.251,-0.097,NA,0.366,0.399,NA,NA,-1.1,-0.453
"55",1904,-0.299,-0.917,NA,NA,-0.016,-1.25,-1.661,-0.335,-0.344,NA,-0.138,-0.989,-0.955,-0.363,NA,-1.658,-0.279,-0.4,-0.566,-0.008,-0.556,-0.068,-1.371,-0.053,NA,NA,0.513,-0.381,-0.22,-0.161,-0.164,0.193,-0.226,-0.426,NA,-0.821,-0.081,-0.026,-0.668,NA,-0.629,-0.168,NA,-0.571,-0.332,NA,0.176,-1.144,-0.25,-0.094,0.412,-0.472,-0.552,NA,-0.209,0.039,-0.348,0.559,-0.019,-0.623,NA,-0.724,-0.941,0.091,-0.67,1.35,-0.297,-0.679,-0.427,-0.468,NA,-0.805,-0.189,-0.199,-0.173,-0.083,NA,NA,-1.072,-1.407,-0.514,-0.189,-0.416,NA,0.405,0.096,NA,0.077,-0.019,-0.021,NA,-0.945,-0.463
"56",1905,-0.271,-0.738,-1.291,NA,0.134,-1.294,-1.574,-0.283,-0.152,NA,-0.106,-0.863,-0.867,-0.239,-0.387,-1.667,-0.19,-0.247,-0.478,0.148,-0.5,-0.004,-1.245,-0.084,NA,0.237,0.41,-0.418,-0.278,-0.176,-0.242,0.273,-0.156,-0.578,-0.571,-0.923,-0.029,-0.015,-0.453,NA,-0.563,-0.246,NA,-0.515,-0.275,-0.566,0.192,-0.849,-0.318,-0.113,0.401,-0.413,-0.686,NA,-0.114,0.001,-0.305,0.465,0.074,-0.512,NA,-0.59,-0.889,0.086,-0.61,1.326,-0.268,-0.656,-0.385,-0.38,NA,-0.965,-0.119,-0.211,-0.136,-0.108,NA,NA,-0.983,-1.321,-0.438,-0.056,-0.42,0.031,0.425,0.167,NA,0.168,-0.129,-0.111,NA,-0.926,-0.481
"57",1906,-0.399,-0.721,-1.342,NA,-0.157,-1.321,-1.395,-0.329,-0.147,NA,-0.274,-0.983,-0.859,-0.272,-0.5,-1.621,-0.273,-0.35,-0.57,0.252,-0.545,0.011,-1.103,-0.175,0.223,0.122,0.332,-0.45,-0.435,-0.464,-0.35,0.191,-0.323,-0.599,-0.57,-0.862,0.108,0.015,-0.254,0.014,-0.452,-0.246,NA,-0.663,-0.466,-0.638,0.251,-0.524,-0.357,-0.112,0.321,-0.485,-0.644,NA,-0.068,0.09,-0.161,0.496,0.095,-0.566,NA,-0.355,-0.691,0.063,-0.889,1.293,-0.175,-0.597,-0.353,-0.469,NA,-0.87,-0.187,-0.408,-0.263,-0.249,NA,NA,-0.979,-1.485,-0.714,-0.091,-0.394,-0.024,0.52,0.308,NA,0.25,-0.145,-0.106,0.078,-1.014,-0.611
"58",1907,-0.458,-0.64,-1.252,NA,-0.144,-1.338,-1.247,-0.301,-0.082,NA,-0.117,-0.809,-0.822,-0.274,-0.576,-1.759,-0.289,-0.366,-0.562,0.369,-0.56,-0.057,-1.064,-0.299,0.211,0.078,0.257,-0.516,-0.526,-0.49,-0.409,0.081,-0.341,-0.768,-0.712,-0.984,-0.171,-0.218,-0.356,-0.228,-0.629,-0.425,NA,-0.758,-0.495,-0.704,0.178,-0.625,-0.441,-0.168,0.229,-0.41,-0.824,NA,-0.033,-0.081,-0.228,0.309,-0.005,-0.597,NA,-0.504,-0.744,-0.144,-0.825,1.043,-0.32,-0.789,-0.497,-0.465,NA,-0.884,-0.232,-0.441,-0.277,-0.157,NA,NA,-0.858,-1.25,-0.535,0.083,-0.541,-0.181,0.462,0.258,0.065,0.118,-0.318,-0.255,-0.169,-0.963,-0.515
"59",1908,-0.396,-0.445,-1.319,-0.406,-0.101,-1.319,-1.324,-0.31,-0.095,NA,-0.004,-0.624,-0.759,-0.199,-0.632,-1.836,-0.292,-0.348,-0.527,0.533,-0.441,0.044,-0.821,-0.257,0.25,0.135,0.354,-0.376,-0.383,-0.279,-0.286,0.135,-0.227,-0.797,-0.73,-0.931,-0.191,-0.172,-0.27,-0.168,-0.693,-0.372,NA,-0.785,-0.352,-0.571,0.289,-0.41,-0.337,-0.037,0.381,-0.352,-0.833,NA,-0.049,-0.205,-0.232,0.18,-0.041,-0.619,NA,-0.369,-0.613,-0.163,-0.739,0.902,-0.332,-0.874,-0.589,-0.473,NA,-0.79,-0.171,-0.364,-0.216,-0.066,NA,-0.864,-0.654,-1.023,-0.43,0.124,-0.546,-0.252,0.513,0.122,0.176,0.169,-0.228,-0.159,-0.124,-0.893,-0.419
"60",1909,-0.397,-0.278,-1.403,-0.502,0.002,-1.311,-1.369,-0.267,-0.095,NA,0.045,-0.656,-0.713,-0.167,-0.646,-1.766,-0.327,-0.358,-0.559,0.677,NA,-0.02,-0.761,-0.345,0.244,-0.11,0.287,-0.407,-0.374,-0.304,-0.369,0.132,-0.165,-0.817,-0.66,-0.901,-0.068,-0.117,-0.221,-0.268,-0.756,-0.43,NA,-0.718,-0.273,-0.53,0.304,-0.208,-0.3,-0.076,0.413,-0.233,-0.756,NA,-0.066,-0.299,-0.268,0.111,0.022,-0.577,NA,-0.331,-0.459,-0.293,-0.598,0.744,-0.274,-0.869,-0.648,-0.498,NA,-0.818,-0.088,-0.289,-0.174,0.098,NA,-0.597,-0.497,-0.85,-0.307,0.206,-0.517,-0.223,0.521,-0.065,0.272,0.117,-0.262,-0.191,-0.086,-0.859,-0.332
"61",1910,-0.489,-0.239,-1.326,-0.426,-0.067,-1.3,-1.404,-0.108,-0.324,NA,0.13,-0.6,-0.843,-0.274,-0.783,-1.89,-0.488,-0.462,-0.691,0.609,NA,-0.1,-0.619,-0.523,0.027,-0.345,0.211,-0.447,-0.435,-0.326,-0.498,-0.073,-0.197,-0.849,-0.792,-0.91,-0.241,-0.146,-0.231,-0.387,-0.847,-0.447,NA,-0.76,-0.437,-0.574,0.198,-0.191,-0.424,-0.106,0.297,-0.202,-0.714,NA,-0.065,-0.456,-0.331,-0.041,-0.124,-0.678,NA,-0.341,-0.472,-0.509,-0.506,0.461,-0.381,-1.052,-0.788,-0.66,NA,-0.983,-0.236,-0.446,-0.305,0.178,NA,-0.504,-0.474,-0.591,-0.12,0.26,-0.657,-0.426,0.49,-0.257,0.259,0.04,-0.308,-0.282,-0.155,-0.92,-0.247
"62",1911,-0.128,0.204,-1.491,-0.63,0.046,-1.476,-1.403,-0.231,-0.521,NA,0.041,-0.746,-0.501,0.029,-0.402,-1.658,-0.224,-0.089,-0.355,0.326,NA,0.047,-0.223,-0.294,0.249,-0.393,0.282,-0.396,-0.361,-0.398,-0.485,0.198,0.023,-0.819,-0.573,-0.722,-0.275,-0.067,0.033,-0.265,-0.664,-0.459,NA,-0.363,-0.382,-0.506,-0.198,-0.674,-0.527,-0.06,0.166,-0.378,-0.606,NA,-0.248,-0.259,-0.231,0.021,0.131,-0.393,NA,-0.533,-0.781,-0.314,-0.368,0.567,-0.217,-0.91,-0.596,-0.356,NA,-1.18,0.083,-0.26,0.071,0.247,NA,-0.38,-0.392,-0.452,-0.061,0.03,-0.439,-0.208,0.375,-0.428,0.356,0.189,-0.21,-0.286,-0.008,-1.154,-0.295
"63",1912,-0.267,0.134,-1.704,-0.793,-0.049,-1.467,-1.262,-0.225,-0.618,NA,-0.297,-1.1,-0.422,-0.114,-0.37,-1.702,-0.306,-0.146,-0.454,0.165,NA,-0.057,-0.254,-0.464,0.073,-0.654,0.081,-0.518,-0.414,-0.677,-0.538,0.08,-0.183,-0.862,-0.599,-0.658,-0.636,-0.391,-0.141,-0.472,-0.899,-0.621,NA,-0.503,-0.486,-0.604,-0.224,-0.722,-0.644,-0.127,-0.079,-0.414,-0.605,NA,-0.682,-0.376,-0.262,-0.025,0.123,-0.48,NA,-0.656,-0.817,-0.459,-0.511,0.329,-0.229,-0.928,-0.704,-0.392,NA,-1.234,-0.089,-0.448,-0.061,0.051,NA,-0.566,-0.636,-0.629,-0.228,-0.091,-0.429,-0.252,0.364,-0.499,0.106,-0.063,-0.45,-0.529,-0.324,-1.506,-0.53
"64",1913,-0.081,0.318,-1.873,-1.009,0.16,-1.368,-1.228,-0.113,-0.687,-0.474,-0.444,-1.217,-0.283,-0.013,-0.164,-1.4,-0.17,0.011,-0.266,0.07,NA,0.202,0.144,-0.217,0.315,-0.48,0.325,-0.229,-0.164,-0.564,-0.246,0.273,-0.078,-0.669,-0.304,-0.377,-0.656,-0.339,0.062,-0.243,-0.731,-0.363,NA,-0.359,-0.281,-0.352,-0.341,-0.807,-0.564,0.132,-0.044,-0.322,-0.375,NA,-1.074,-0.237,-0.068,0.189,0.296,-0.359,NA,-0.485,-0.602,-0.312,-0.421,0.398,0.055,-0.637,-0.515,-0.242,NA,-0.93,0.127,-0.289,0.165,0.209,NA,-0.386,-0.599,-0.579,-0.118,-0.019,-0.215,-0.011,0.303,-0.569,0.326,0.129,-0.285,-0.351,-0.176,-1.61,-0.576
"65",1914,-0.105,0.339,-1.817,-1.071,0.258,-1.394,NA,-0.12,-0.718,-0.528,-0.442,-1.262,-0.298,-0.081,-0.077,-1.117,-0.124,0.074,-0.176,-0.011,NA,0.509,0.613,0.053,0.515,-0.163,0.616,0.134,0.048,-0.444,0.032,0.375,-0.137,-0.459,-0.018,-0.118,-0.332,-0.046,0.301,0.064,-0.494,-0.05,-0.512,-0.356,-0.149,-0.119,-0.421,-0.767,-0.493,0.403,0.008,-0.333,-0.222,NA,-1.294,-0.035,0.048,0.379,0.426,-0.251,NA,-0.204,-0.29,-0.117,-0.409,0.464,0.311,-0.372,-0.297,-0.167,NA,-0.69,0.215,-0.208,0.272,0.104,NA,-0.463,-0.663,-0.507,-0.264,0.121,-0.086,0.19,0.284,-0.583,0.597,0.372,-0.005,-0.077,0.118,-1.577,-0.609
"66",1915,-0.015,0.379,-1.904,-1.186,0.358,-1.317,NA,-0.078,-0.756,-0.522,-0.418,-1.271,-0.341,-0.043,-0.022,-0.98,-0.066,0.101,-0.111,0.095,NA,0.547,0.774,0.11,0.565,-0.091,0.654,0.25,0.069,-0.403,0.03,0.383,-0.082,-0.235,0.084,0.084,-0.171,0.063,0.264,0.156,-0.472,0.047,NA,-0.256,-0.043,-0.062,-0.203,-0.841,-0.533,0.415,-0.015,-0.224,0.017,NA,-1.449,0.062,0.038,0.536,0.513,-0.216,NA,-0.114,-0.163,-0.096,-0.379,0.451,0.443,-0.268,-0.202,-0.115,NA,-0.669,0.304,-0.102,0.329,0.225,NA,-0.267,-0.545,-0.389,-0.137,0.274,-0.018,0.291,0.446,-0.503,0.67,0.439,0.106,-0.023,0.263,-1.322,-0.606
"67",1916,0.038,0.416,-1.993,-1.255,0.56,-1.421,NA,-0.198,-0.961,-0.713,-0.49,-1.239,-0.285,-0.014,0.04,-1.075,0.014,0.186,-0.094,-0.104,NA,0.455,0.681,0.083,0.586,-0.202,0.555,0.212,0.024,-0.382,-0.067,0.317,0.021,-0.282,0.002,0.036,-0.35,-0.17,0.086,0.071,-0.571,-0.166,NA,-0.214,0.082,-0.095,-0.598,-1.355,-0.702,0.322,-0.09,-0.411,-0.055,NA,-1.683,-0.019,-0.245,0.436,0.468,-0.206,-1.654,-0.355,-0.429,-0.168,-0.252,0.357,0.336,-0.371,-0.277,-0.033,NA,-0.86,0.242,0.005,0.312,0.366,0.231,-0.1,-0.425,-0.208,0.061,0.261,-0.101,0.223,0.083,-0.842,0.42,0.241,-0.025,-0.224,0.053,-1.451,-0.714
"68",1917,-0.169,0.216,-2.07,-1.393,0.3,-1.315,NA,-0.092,-1.167,-1.117,-0.631,-1.415,-0.382,-0.283,-0.108,-1.124,-0.134,0.034,-0.324,-0.222,NA,0.187,0.437,-0.129,0.421,-0.511,0.284,0.026,-0.165,-0.532,-0.224,0.021,-0.24,-0.357,-0.015,-0.042,-0.52,-0.395,-0.13,-0.073,-0.672,-0.366,NA,-0.398,-0.197,-0.301,-0.58,-1.283,-0.865,0.171,-0.208,-0.601,-0.12,NA,-1.898,-0.204,-0.466,0.316,0.296,-0.369,-1.534,-0.383,-0.471,-0.352,-0.412,0.216,0.299,-0.408,-0.421,-0.188,-0.777,-0.974,-0.078,-0.286,0.026,0.265,0.098,-0.276,-0.563,-0.333,-0.074,0.097,-0.249,0.097,0.186,-0.867,0.132,0.007,-0.282,-0.526,-0.215,-1.518,-0.968
"69",1918,-0.168,0.184,-2.061,-1.324,0.283,NA,NA,-0.068,-1.077,-1.003,-0.634,NA,-0.304,-0.349,-0.114,-1.1,-0.178,0.064,-0.33,-0.138,NA,0.135,0.298,-0.236,0.319,-0.519,0.238,0.082,-0.164,-0.605,-0.234,-0.193,-0.282,-0.537,-0.057,-0.181,-0.729,-0.622,-0.284,-0.145,-0.691,-0.425,NA,-0.361,-0.25,-0.27,-0.519,-1.328,-0.902,0.229,-0.247,-0.561,-0.252,NA,-1.957,-0.303,-0.649,0.232,0.276,-0.362,-1.542,-0.403,-0.515,-0.447,-0.374,0.169,0.236,-0.434,-0.471,-0.165,-0.929,-1.034,-0.196,-0.383,0,0.208,0.059,-0.268,-0.728,-0.332,-0.029,0.316,-0.287,0.1,0.341,-0.789,0.054,-0.096,-0.364,-0.636,-0.348,-1.333,-1.002
"70",1919,-0.085,0.2,-2.047,-1.356,0.251,NA,NA,-0.044,-1.062,-1.04,-0.513,NA,-0.198,-0.371,-0.06,-0.976,-0.08,0.2,-0.245,-0.235,NA,0.244,0.439,-0.043,0.448,-0.249,0.344,0.216,-0.139,-0.639,-0.168,-0.128,-0.374,-0.497,0.031,-0.12,-0.552,-0.498,-0.221,0.045,-0.462,-0.369,NA,-0.321,-0.223,-0.216,-0.29,-1.143,-0.818,0.385,-0.27,-0.554,-0.183,NA,-2.121,-0.157,-0.637,0.335,0.346,-0.245,-1.482,-0.353,-0.432,-0.345,-0.526,0.291,0.301,-0.342,-0.288,-0.047,-0.84,-0.9,-0.181,-0.389,0.045,-0.074,-0.064,-0.569,-0.857,-0.509,-0.326,0.392,-0.215,0.205,0.379,-0.713,0.091,0.026,-0.267,-0.545,-0.283,-1.178,-0.898
"71",1920,-0.127,0.134,-2.311,-1.615,0.158,NA,NA,-0.235,-1.017,-1.446,-0.869,NA,-0.094,-0.459,-0.075,-1.041,-0.07,0.2,-0.301,-0.37,NA,0.206,0.358,-0.076,0.446,-0.118,0.244,0.179,-0.237,-0.822,-0.204,-0.215,-0.464,-0.547,-0.022,-0.2,-0.573,-0.626,-0.284,-0.027,-0.49,-0.493,NA,-0.342,-0.265,-0.311,-0.469,-1.334,-0.965,0.291,-0.437,-0.726,-0.213,NA,-2.355,-0.197,-0.771,0.241,0.254,-0.326,-1.545,-0.483,-0.525,-0.429,-0.753,0.231,0.235,-0.426,-0.307,-0.074,-1.04,-0.932,-0.249,-0.408,-0.023,-0.216,-0.139,-0.802,-0.909,-0.781,-0.637,0.082,-0.249,0.147,0.287,-0.744,-0.014,-0.044,-0.354,-0.642,-0.384,-1.595,-1.27
"72",1921,-0.082,0.1,-2.135,-1.409,0.267,NA,NA,-0.096,-0.837,-1.275,-0.705,NA,-0.063,-0.528,-0.125,-0.891,0.013,0.254,-0.231,-0.119,NA,0.462,0.602,0.13,0.639,0.356,0.48,0.456,-0.082,-0.633,0.075,-0.097,-0.345,-0.386,0.139,-0.06,-0.263,-0.41,-0.022,0.238,-0.225,-0.206,NA,-0.255,-0.111,-0.135,-0.022,-0.807,-0.736,0.562,-0.127,-0.412,-0.06,NA,-2.198,0.036,-0.635,0.418,0.324,-0.235,-1.108,-0.133,-0.082,-0.286,-0.694,0.398,0.393,-0.259,-0.054,-0.002,-0.603,-0.57,-0.128,-0.248,0.041,-0.146,-0.111,-0.735,-0.754,-0.636,-0.532,0.407,-0.136,0.294,0.395,-0.72,0.235,0.194,-0.157,-0.401,-0.136,-1.289,-1.143
"73",1922,0.237,0.368,-2.008,-1.288,0.579,NA,NA,-0.041,-0.939,-0.945,-0.38,NA,0.077,-0.304,-0.018,-0.694,0.182,0.488,0.006,-0.046,NA,0.838,0.977,0.529,1.048,0.914,0.839,0.833,0.21,-0.291,0.348,0.212,-0.026,-0.283,0.325,0.015,0.05,-0.077,0.39,0.638,0.182,0.11,NA,0.075,0.232,0.196,-0.072,-0.834,-0.546,0.881,0.206,-0.568,0.039,NA,-1.78,0.282,-0.553,0.599,0.437,-0.031,-1.004,0.078,0.101,0.009,-0.376,0.709,0.548,-0.072,0.255,0.175,-0.231,-0.355,0.213,0.116,0.326,0.054,0.133,-0.453,-0.46,-0.302,-0.359,0.435,-0.009,0.469,0.358,-0.874,0.558,0.567,0.221,-0.091,0.172,-1.129,-0.953
"74",1923,0.256,0.384,-1.897,-1.147,0.611,NA,NA,-0.105,-0.845,-0.819,-0.334,NA,0.071,-0.311,-0.051,-0.817,0.192,0.502,-0.043,0.086,NA,0.743,0.857,0.418,0.985,NA,0.714,0.729,0.148,-0.269,0.237,0.102,0.074,-0.478,0.192,-0.185,-0.071,-0.133,0.286,0.492,0.104,0.11,NA,0.12,0.196,0.114,0.046,-0.577,-0.495,0.812,0.256,-0.645,-0.2,-0.898,-1.481,0.073,-0.76,0.313,0.354,-0.044,-0.914,0.16,0.177,-0.091,-0.24,0.607,0.378,-0.245,0.154,0.159,-0.022,-0.279,0.099,0.115,0.258,0.191,0.278,-0.299,-0.248,-0.247,-0.279,0.384,-0.095,0.349,0.572,-0.739,0.537,0.47,0.176,-0.117,0.122,-1.122,-0.921
"75",1924,0.212,0.357,-1.932,-1.182,0.467,NA,-1.198,-0.077,-0.853,-0.956,-0.501,NA,0.141,-0.359,-0.102,-0.907,0.178,0.465,-0.135,-0.063,NA,0.454,0.544,0.194,0.793,NA,0.384,0.408,-0.097,-0.558,-0.11,-0.119,0.062,-0.382,0.113,-0.103,-0.259,-0.343,0.118,0.263,-0.04,-0.15,NA,0.107,-0.069,-0.154,-0.125,-0.658,-0.782,0.501,-0.051,-0.85,-0.123,-0.93,-1.34,-0.044,-0.774,0.319,0.288,-0.084,-1.116,-0.075,0.014,-0.272,-0.412,0.456,0.321,-0.31,0.026,0.129,-0.075,-0.472,-0.081,-0.028,0.146,0.212,0.329,-0.315,-0.198,-0.417,-0.3,0.209,-0.086,0.212,0.51,-0.817,0.261,0.186,-0.117,-0.467,-0.162,-1.457,-1.14
"76",1925,0.357,0.448,-1.667,-0.889,0.64,NA,-1.108,-0.074,-0.823,-0.936,-0.273,NA,0.302,-0.297,-0.039,-0.859,0.283,0.651,0.068,0.032,NA,0.501,NA,0.277,0.93,NA,0.394,0.478,0.039,-0.316,0.078,-0.032,0.29,-0.42,0.175,-0.055,-0.403,-0.392,0.146,0.28,0.021,-0.115,-0.698,0.261,0.078,-0.072,-0.059,-0.507,-0.474,0.653,0.237,-0.772,-0.252,-0.722,-1.031,-0.056,-0.776,0.253,0.358,0.106,-1.035,-0.058,0.157,-0.188,-0.188,0.493,0.376,-0.3,0.048,0.293,0.259,-0.241,0.065,0.179,0.334,0.345,0.415,-0.04,-0.162,-0.183,-0.128,0.2,-0.009,0.294,0.633,-0.827,0.268,0.207,-0.099,-0.483,-0.245,-1.358,-0.926
"77",1926,0.306,0.406,-1.454,-0.702,0.559,NA,-0.693,0.264,-0.452,-0.607,-0.087,NA,0.294,-0.381,-0.088,-0.905,0.224,0.637,0.035,0.418,0.158,0.443,NA,0.159,0.852,NA,0.33,0.554,0.093,-0.216,0.277,-0.146,0.263,-0.474,0.132,-0.12,-0.583,-0.49,0.013,0.129,-0.142,-0.014,-0.657,0.227,-0.025,-0.06,0.501,0.192,-0.112,0.793,0.539,-0.398,-0.384,-0.808,-0.959,-0.259,-0.869,0.133,0.331,0.121,-0.477,0.217,0.613,-0.31,-0.169,0.382,0.303,-0.392,-0.108,0.256,0.682,0.161,0.063,0.118,0.292,0.275,0.302,-0.098,-0.192,-0.234,-0.211,0.473,-0.021,0.3,1.109,-0.343,0.308,0.128,-0.171,-0.52,-0.34,-1.051,-0.725
"78",1927,0.713,0.703,-1.271,-0.458,0.877,NA,-0.663,0.235,-0.265,-0.371,0.011,NA,0.512,-0.074,0.157,-0.587,0.491,0.96,0.395,0.473,0.504,0.866,NA,0.552,1.171,NA,0.736,0.919,0.318,-0.042,0.413,0.21,0.657,-0.087,0.438,0.261,-0.125,-0.056,0.461,0.579,0.28,0.311,-0.349,0.615,0.288,0.204,0.446,0.164,0.117,1.069,0.737,-0.301,-0.078,-0.553,-0.638,0.174,-0.604,0.492,0.627,0.478,-0.414,0.4,0.754,0.113,0.072,0.726,0.578,-0.126,0.312,0.55,1.189,0.439,0.488,0.467,0.715,0.498,0.53,0.149,0.073,0.07,0.006,0.652,0.26,0.63,1.047,-0.28,0.699,0.551,0.265,-0.143,0.038,-0.987,-0.584
"79",1928,0.601,0.603,-1.062,-0.312,0.839,-0.803,-0.635,0.311,-0.183,-0.283,0.016,-0.205,0.401,-0.147,0.07,-0.553,0.456,0.922,0.291,0.445,0.508,0.943,NA,0.462,1.105,NA,0.769,0.869,0.328,-0.064,0.417,0.105,0.639,0.1,0.512,0.407,-0.054,-0.009,0.416,0.587,0.293,0.325,-0.33,0.506,0.27,0.179,0.415,0.264,0.22,1.03,0.786,-0.243,0.01,-0.406,-0.504,0.26,-0.573,0.641,0.601,0.477,-0.327,0.475,0.842,0.067,0.129,0.606,0.629,-0.107,0.341,0.483,1.322,0.587,0.415,NA,0.583,0.523,0.448,0.167,0.135,0.148,-0.022,0.488,0.276,0.677,0.972,-0.223,0.716,0.597,0.325,-0.086,0.024,-1.137,-0.569
"80",1929,0.537,0.528,-0.878,-0.111,0.706,-0.715,-0.457,0.342,-0.158,-0.365,-0.16,-0.257,0.441,-0.185,0.07,-0.542,0.408,0.895,0.207,0.404,0.229,0.751,NA,0.241,0.894,NA,0.525,0.639,0.226,-0.108,0.309,-0.101,0.634,0.115,0.526,0.425,-0.35,-0.219,0.179,0.327,0.109,0.175,-0.443,0.495,0.108,0.009,0.289,0.15,0.15,0.828,0.877,-0.238,-0.072,-0.397,-0.492,0.149,-0.54,0.616,0.553,0.404,-0.412,0.377,0.739,-0.055,0.195,0.448,0.641,-0.149,0.191,0.384,1.071,0.511,0.302,NA,0.481,0.672,0.43,0.325,0.238,0.301,0.187,0.164,0.273,0.632,0.923,-0.172,0.567,0.418,0.086,-0.295,-0.277,-1.306,-0.778
"81",1930,0.662,0.563,-0.691,-0.077,0.83,-0.629,-0.207,0.42,-0.057,-0.235,-0.027,-0.18,0.499,-0.142,0.11,-0.26,0.497,1.039,0.35,0.378,0.38,0.926,NA,0.437,1.024,NA,0.689,0.812,0.422,0.057,0.395,0.098,0.753,0.312,0.817,0.655,-0.221,-0.053,0.297,0.509,0.34,0.366,-0.311,0.595,0.241,0.227,0.433,0.32,0.26,1.017,0.991,-0.252,0.034,-0.265,-0.573,0.336,-0.315,0.882,0.733,0.609,-0.282,0.577,0.836,0.238,0.401,0.618,0.88,0.076,0.369,0.492,1.127,0.741,0.482,NA,0.658,0.651,0.377,0.483,0.215,0.506,0.364,-0.031,0.434,0.852,0.927,-0.109,NA,0.588,0.24,-0.104,-0.103,-0.965,-0.679
"82",1931,0.559,0.428,-0.566,-0.152,0.728,-0.526,0.143,0.591,0.028,-0.357,-0.027,-0.123,0.377,-0.251,0.056,-0.228,0.465,0.983,0.294,0.356,0.419,1.024,NA,0.412,0.94,NA,0.828,0.864,0.449,0.077,0.363,-0.015,0.588,0.458,0.915,0.716,-0.144,0.158,0.253,0.503,0.376,0.641,0.041,0.418,0.202,0.277,0.548,0.536,0.374,1.065,1.03,-0.224,0.067,-0.419,-0.616,0.334,-0.222,0.911,0.729,0.609,0.062,0.851,1.017,0.251,0.439,0.549,0.984,0.116,0.317,0.412,1.139,0.944,0.399,NA,0.626,0.486,0.211,0.388,0.051,0.463,0.222,-0.484,0.4,0.834,1.044,0.126,NA,0.704,0.383,0.1,0.013,-0.995,-0.666
"83",1932,0.478,0.313,-0.412,-0.143,0.649,-0.421,0.244,0.7,0.085,-0.505,-0.056,-0.148,0.365,-0.324,0.092,-0.146,0.538,1.061,0.261,0.352,0.368,0.739,NA,0.301,0.824,NA,0.702,0.635,0.322,0.005,0.13,-0.146,0.584,0.663,1.011,0.831,-0.031,0.185,0.156,0.458,0.357,0.495,0.026,0.322,0.146,0.178,0.691,0.766,0.365,0.835,0.999,-0.104,0.146,-0.536,-0.733,0.38,-0.061,0.985,0.834,0.692,0.178,0.78,0.993,0.249,0.353,0.502,1.116,0.158,0.293,0.464,0.874,0.895,0.338,NA,0.59,0.39,0.088,0.278,-0.06,0.406,0.096,-0.78,0.483,0.895,1.165,0.299,NA,0.694,0.279,-0.028,0.024,-0.895,-0.7
"84",1933,0.683,0.491,-0.209,-0.024,0.83,-0.433,0.116,0.77,-0.039,-0.517,0.416,0.192,0.508,-0.118,0.207,-0.047,0.712,1.255,0.442,0.405,0.635,0.772,NA,0.482,0.962,NA,0.859,0.79,0.591,0.321,0.385,-0.031,0.843,0.835,1.106,0.885,0.164,0.241,0.283,0.621,0.554,0.589,-0.013,0.557,0.359,0.437,0.864,0.833,0.619,1.016,1.282,0.067,0.282,-0.348,-0.744,0.619,0.071,1.212,1.04,0.815,0.24,0.795,1.039,0.442,0.595,0.605,1.229,0.223,0.447,0.646,0.674,1.057,0.52,NA,0.78,0.675,0.27,0.488,0.112,0.861,0.452,-0.804,0.643,1.039,1.165,0.272,NA,0.876,0.432,0.056,0.178,-0.433,-0.354
"85",1934,0.852,0.592,0.149,0.349,1.171,-0.143,0.359,0.92,0.23,0.127,0.964,0.683,0.591,0.025,0.343,0.146,0.887,1.39,0.555,0.925,1.085,1.111,NA,0.818,1.264,0.67,1.359,1.286,1.145,0.923,0.979,0.275,1.122,0.871,1.276,0.728,0.255,0.391,0.52,0.954,0.741,1.057,0.215,0.766,0.807,0.968,1.308,1.399,1.23,1.602,1.923,0.652,0.361,0.046,-0.53,0.819,0.187,1.281,1.194,0.922,0.767,1.196,1.55,0.798,1.015,0.849,1.374,0.374,0.693,0.767,1.035,1.652,0.8,NA,1.081,0.944,0.402,0.841,0.314,1.409,0.899,-0.419,0.765,1.25,1.553,0.651,NA,1.286,0.905,0.555,0.566,0.228,0.235
"86",1935,0.756,0.523,0.11,0.326,1.064,-0.108,0.329,0.899,0.106,0.328,0.977,0.696,0.554,-0.049,0.37,0.128,0.896,1.263,0.401,0.668,1.08,1.051,0.664,0.778,1.176,0.641,1.381,1.24,1.191,0.94,0.969,0.189,1.071,0.877,1.229,0.451,0.29,0.419,0.476,0.971,0.666,1.058,0.155,0.758,0.73,1.013,1.064,1.251,1.169,1.546,1.921,0.55,0.351,0.079,-0.663,0.808,0.152,1.27,1.11,0.801,0.61,1.1,1.42,0.8,0.959,0.823,1.229,0.343,0.678,0.645,1.12,1.651,0.667,NA,1.085,0.865,0.379,0.619,0.431,1.516,0.876,-0.545,0.693,1.178,1.287,0.645,NA,1.305,0.913,0.578,0.623,0.183,0.215
"87",1936,0.91,0.6,0.306,0.413,1.224,-0.056,0.339,0.902,-0.018,0.37,1.095,0.792,0.636,0.049,0.432,0.306,1.009,1.305,0.518,0.573,1.303,1.205,0.798,0.948,1.313,0.641,1.476,1.255,1.387,1.068,1.02,0.365,1.134,1.098,1.395,0.521,0.423,0.561,0.582,1.181,0.79,1.053,0.187,0.87,0.995,1.211,0.846,1.01,1.022,1.46,1.849,0.577,0.597,0.203,-0.63,1.059,0.367,1.547,1.178,0.835,0.404,0.956,1.252,1.022,1.17,0.838,1.358,0.505,0.906,0.668,1.12,1.472,0.768,NA,1.347,0.775,0.311,0.67,0.328,1.681,0.99,-0.713,0.768,1.242,1.132,0.565,NA,1.432,1.054,0.673,0.768,0.264,0.286
"88",1937,0.698,0.413,0.357,0.358,1.094,-0.009,0.358,1.001,0.001,0.432,1.095,0.745,0.521,-0.124,0.35,0.324,0.936,1.154,0.354,0.6,1.234,1.053,0.638,0.802,1.207,0.524,1.382,1.095,1.395,1.068,1.025,0.252,0.965,1.258,1.432,0.461,0.558,0.617,0.469,1.159,0.647,1.099,0.279,0.688,0.859,1.151,0.957,1.27,1.07,1.317,1.847,0.552,0.711,0.055,-0.775,1.059,0.473,1.649,1.157,0.686,0.694,0.952,1.372,0.97,1.08,0.659,1.334,0.536,0.879,0.545,1.154,1.508,0.598,NA,1.289,0.53,0.059,0.478,0.143,1.589,0.832,-0.827,0.799,1.158,1.132,0.691,NA,1.375,0.987,0.682,0.829,0.252,0.298
"89",1938,0.915,0.547,0.341,0.394,1.389,-0.007,0.404,0.989,-0.031,0.485,1.303,0.944,0.615,0.008,0.513,0.483,1.163,1.294,0.59,0.714,1.588,1.173,0.898,1.123,1.511,0.758,1.592,1.324,1.686,1.368,1.232,0.569,1.222,1.404,1.58,0.436,0.804,0.831,0.753,1.418,0.809,1.204,0.459,0.937,1.228,1.428,0.998,1.312,1.229,1.478,2.105,0.593,0.937,0.143,-0.769,1.231,0.643,1.628,1.352,0.865,0.852,0.99,1.477,1.284,1.277,0.807,1.396,0.662,1.071,0.732,1.427,1.641,0.845,NA,1.633,0.639,0.222,0.624,0.341,1.841,1.015,-0.699,0.966,NA,1.261,0.85,NA,1.606,1.162,0.857,1.092,0.554,0.472
"90",1939,1.037,0.61,0.409,0.492,1.732,0.193,0.477,1.073,0.061,0.824,1.72,1.277,0.577,0.054,0.595,0.612,1.358,1.389,0.73,1.021,2.083,1.45,1.249,1.492,1.787,1.181,2.111,1.771,2.215,1.804,1.694,0.819,1.504,1.345,1.722,0.299,0.919,1.031,1.053,1.778,0.981,1.545,0.764,1.062,1.587,1.899,1.398,1.805,1.688,1.915,2.488,0.815,0.994,0.391,-0.577,1.32,0.697,1.419,1.537,1.078,1.332,1.315,1.881,1.593,1.658,0.903,1.388,0.802,1.248,0.924,2.01,2.107,1.055,0.971,1.898,0.807,0.39,0.86,0.456,2.193,1.278,-0.458,1.093,NA,1.614,1.171,NA,2.012,1.682,1.347,1.538,0.981,0.833
"91",1940,0.875,0.45,0.618,0.802,1.512,0.451,0.485,1.201,0.247,1.196,1.843,1.4,0.483,-0.029,0.535,0.336,1.332,1.224,0.553,1.299,1.997,1.128,1.022,1.353,1.536,0.958,1.979,1.46,2.061,1.704,1.519,0.622,1.328,NA,1.409,-0.087,0.716,0.887,0.888,1.593,0.659,1.276,0.676,0.899,1.322,1.665,1.484,1.734,1.694,1.592,2.54,1.243,0.831,0.44,-0.31,1.045,0.432,0.883,1.42,0.952,1.342,1.162,1.806,1.378,1.501,0.55,0.922,0.515,1.005,0.801,1.919,1.969,0.849,NA,1.659,0.829,0.392,0.669,0.509,2.21,1.208,-0.013,0.908,NA,1.891,1.599,2.14,1.817,1.504,1.179,1.369,1.176,1.018
"92",1941,0.844,0.452,0.401,0.732,1.463,0.443,0.233,0.978,0.463,1.228,1.756,1.3,0.494,0.005,0.521,0.279,1.346,1.189,0.515,1.278,1.882,0.789,0.829,1.292,1.27,0.754,1.799,1.202,1.972,1.563,1.349,0.556,1.303,NA,1.316,-0.261,0.435,0.654,0.79,1.272,0.482,0.952,0.399,0.901,1.168,1.507,1.278,1.619,1.537,1.312,2.408,1.247,0.662,0.421,-0.306,0.739,0.345,0.57,1.35,0.931,1.047,0.891,1.592,1.31,1.357,0.318,0.592,0.41,0.884,0.802,1.718,1.79,0.79,NA,1.438,0.815,0.435,0.575,0.583,2.01,1.176,0.147,0.861,NA,1.928,1.846,1.721,1.499,1.302,0.941,1.164,1.093,0.95
"93",1942,0.7,0.321,0.403,0.962,1.378,0.422,0.23,0.855,0.644,1.389,1.732,1.386,0.367,-0.092,0.386,0.28,1.271,1.04,0.452,1.224,1.888,0.811,0.787,1.323,1.049,0.78,1.864,1.21,2.082,1.6,1.465,0.509,1.189,NA,1.294,-0.426,0.304,0.689,0.783,1.055,0.412,1.045,0.52,0.816,1.038,1.536,1.064,1.653,1.565,1.374,2.428,1.419,0.553,0.545,-0.092,0.613,0.24,0.349,1.242,0.864,1.138,0.986,1.647,1.297,1.366,0.139,0.318,0.352,0.868,0.73,1.833,1.861,0.684,NA,1.196,0.771,0.402,0.557,0.695,1.885,1.29,0.299,0.842,NA,1.874,2.061,1.639,1.305,1.329,1.039,1.164,1.108,0.987
"94",1943,0.504,0.109,0.503,1.23,1.233,0.541,0.409,0.827,0.86,1.691,1.624,1.326,0.214,-0.241,0.245,0.254,1.127,0.84,0.342,1.142,1.581,0.54,0.51,0.913,0.656,0.555,1.621,0.818,1.821,1.35,1.168,0.331,0.956,NA,1.224,-0.526,0.062,0.632,0.542,0.63,0.129,0.764,0.538,0.651,0.698,1.211,0.62,1.584,1.328,1.027,2.275,1.617,0.313,0.555,0.204,0.279,0.189,-0.029,1.031,0.785,0.988,0.842,1.415,1.113,1.197,-0.159,0.04,0.283,0.642,0.546,1.736,1.528,0.511,NA,0.875,0.368,0.137,0.332,0.446,1.539,1.122,0.47,0.693,NA,1.697,2.176,1.291,0.957,1.074,0.801,0.945,0.989,0.898
"95",1944,0.541,0.165,0.059,0.956,1.102,0.289,0.042,0.533,0.647,1.247,1.208,0.897,0.233,-0.168,0.232,0.34,1.146,0.867,0.412,0.542,1.506,0.416,0.449,0.765,0.476,0.473,1.483,0.503,1.573,0.874,0.777,0.35,0.785,NA,1.279,-0.331,0.285,0.877,0.569,0.463,0.251,0.698,0.702,0.597,0.432,0.933,0.05,1.29,0.836,0.643,1.827,1.041,0.273,0.253,-0.008,0.262,0.344,-0.078,0.943,0.845,0.767,0.788,1.062,1.139,1.017,-0.239,-0.065,0.342,0.739,0.573,1.513,1.134,0.482,NA,0.682,0.047,0.113,0.123,0.339,1.048,0.813,-0.121,0.737,NA,1.274,2.016,1.175,0.831,0.993,0.745,1.023,0.228,0.471
"96",1945,0.569,0.215,-0.018,1.077,1.049,0.346,-0.01,0.51,0.689,1.106,1.116,NA,0.299,-0.057,0.302,0.478,1.158,0.938,0.468,0.568,1.463,0.343,0.399,0.592,0.245,0.438,1.424,0.365,1.491,0.695,0.677,0.322,0.698,NA,1.418,-0.125,0.263,0.912,0.608,0.298,0.329,0.533,0.749,0.536,0.313,0.814,0.07,1.34,0.75,0.54,1.727,1.061,0.274,0.321,0.18,0.213,0.447,-0.2,0.948,0.943,0.766,0.753,0.951,1.14,0.97,-0.287,-0.048,0.398,0.833,0.666,1.247,0.953,0.45,NA,0.472,0.015,0.159,0.098,0.333,0.88,0.735,-0.256,0.902,NA,1.298,1.843,0.976,0.714,0.974,0.679,0.991,0.009,0.369
"97",1946,0.576,0.287,-0.223,1.141,1.044,0.086,-0.202,0.233,0.579,0.996,1.17,NA,0.41,0.057,0.455,0.659,1.194,1.036,0.528,0.409,1.67,0.452,0.647,0.646,0.202,0.727,1.718,NA,1.673,0.817,0.84,0.374,0.701,NA,1.621,0.077,0.492,1.212,0.906,0.357,0.618,0.776,1.045,0.565,0.364,1.005,0.182,1.564,1.014,0.842,1.904,0.949,0.224,0.473,0.367,0.307,0.645,-0.283,0.918,1.07,1.011,0.956,1.121,1.327,1.073,-0.025,0.01,0.548,1.109,0.792,1.215,1.134,0.573,NA,0.333,0.1,0.367,0.167,0.518,0.892,0.838,-0.274,0.961,NA,1.233,1.531,1.265,0.857,1.254,0.961,1.22,0.123,0.384
"98",1947,0.527,0.294,-0.194,1.314,1.023,0.075,-0.149,0.15,0.676,0.901,1.208,NA,0.417,0.134,0.471,0.673,1.059,0.957,0.462,0.352,1.794,0.503,0.699,0.56,0.024,0.906,1.856,NA,1.773,0.77,0.927,0.317,0.597,NA,1.595,0.085,0.407,1.231,0.934,0.21,0.669,0.876,1.15,0.473,0.409,1.151,0.248,1.728,1.055,0.99,1.982,1.115,0.036,0.38,0.518,0.246,0.579,-0.579,0.717,1.075,1.074,1.119,1.193,1.336,1.161,0.03,-0.104,0.537,1.154,0.775,1.132,1.187,0.531,NA,0.111,-0.015,0.376,0.143,0.44,NA,0.768,-0.248,0.825,NA,1.299,1.408,1.403,0.796,1.308,1.087,1.239,0.231,0.408
"99",1948,0.395,0.221,-0.23,1.324,0.645,-0.061,-0.316,0.009,0.562,0.658,1.107,NA,0.558,0.182,0.564,0.571,0.931,0.875,0.39,0.004,1.357,0.212,0.45,0.231,-0.362,0.677,1.673,NA,1.292,0.372,0.612,0.113,0.343,NA,1.489,0.046,0.289,1.147,0.767,-0.135,0.515,0.784,0.926,0.305,-0.051,0.852,-0.018,1.607,0.845,0.712,1.641,0.996,-0.3,0.238,0.599,0.018,0.461,-0.854,0.522,0.997,0.862,0.91,0.906,1.051,0.9,-0.041,-0.304,0.387,1.054,0.653,0.672,0.917,0.379,NA,-0.137,-0.165,0.335,-0.067,0.31,NA,0.579,-0.386,0.619,0.755,0.767,0.934,1.367,0.554,1.111,0.975,1.043,0.098,0.251
"100",1949,0.35,0.243,-0.306,1.214,0.407,-0.267,-0.518,-0.161,0.46,0.377,0.947,NA,0.669,0.355,0.65,0.692,0.861,0.893,0.417,-0.31,1.115,0.155,0.409,0.08,-0.543,0.575,1.555,NA,0.848,0.007,0.281,0.117,0.168,NA,1.589,0.42,0.437,1.316,0.856,-0.234,0.635,0.801,0.832,0.32,-0.293,0.634,-0.549,1.268,0.567,0.443,1.221,0.684,-0.141,0.066,0.638,0.155,0.686,-0.555,0.431,0.895,0.627,0.758,0.635,1.006,0.56,0.103,-0.18,0.444,1.245,0.635,0.319,0.69,0.314,NA,-0.262,-0.341,0.327,-0.306,0.308,NA,0.249,-0.544,0.561,0.646,0.314,0.543,1.331,0.406,0.946,0.93,0.966,-0.162,0.051
"101",1950,0.474,0.409,-0.325,1.09,0.454,-0.341,-0.636,-0.278,0.248,0.127,0.825,NA,0.854,0.634,0.919,0.908,0.902,1.005,0.652,-0.52,0.863,0.076,0.375,-0.089,-0.578,0.439,1.412,NA,0.69,-0.076,NA,0.123,0.323,-0.554,1.653,0.705,0.311,1.141,0.883,-0.405,0.733,0.568,0.342,0.536,-0.242,0.6,-1.025,0.814,0.223,0.298,0.898,0.432,-0.094,0.213,0.897,0.246,0.864,-0.37,0.461,0.969,0.078,0.307,0.102,0.937,0.59,0.261,0.039,0.535,1.412,0.782,-0.079,0.261,0.371,NA,-0.065,-0.272,0.6,-0.153,0.608,NA,0.304,-0.767,0.631,0.616,-0.258,-0.113,0.971,0.262,0.823,0.779,0.632,-0.313,-0.094
"102",1951,0.446,0.384,-0.203,1.048,0.24,-0.453,-0.68,-0.361,-0.087,-0.133,0.501,NA,0.886,0.74,0.971,0.893,0.728,0.85,0.62,-0.707,0.323,-0.339,0.025,-0.548,-0.785,-0.058,0.657,NA,0.209,-0.371,NA,-0.134,0.296,-0.499,1.374,0.8,0.109,0.766,0.614,-0.638,0.525,0.019,-0.215,0.588,-0.513,0.211,-1.517,0.161,-0.303,-0.215,0.395,0.195,-0.117,0.32,1.064,0.225,0.867,-0.411,0.341,0.822,-0.533,-0.257,-0.629,0.642,0.487,0.249,0.104,0.39,1.352,0.709,-0.725,-0.415,0.201,NA,-0.02,-0.251,0.67,-0.088,0.65,NA,0.358,-0.878,0.498,0.35,-0.633,-0.655,0.276,-0.128,0.321,0.197,0.036,-0.44,-0.407
"103",1952,0.463,0.456,-0.182,0.77,0.216,-0.398,-0.673,-0.391,-0.286,-0.252,0.546,NA,0.851,0.91,1.051,0.919,0.596,0.756,0.724,-0.626,0.234,-0.253,0.166,-0.613,-0.652,0.002,0.474,NA,0.151,-0.309,NA,-0.049,0.318,-0.41,1.204,0.969,0.207,0.843,0.7,-0.533,0.639,-0.008,-0.244,0.658,-0.409,0.29,-1.48,0.098,-0.284,-0.218,0.278,0.066,-0.028,0.354,1.081,0.357,1.034,-0.356,0.261,0.749,-0.508,-0.277,-0.667,0.607,0.606,0.36,0.262,0.429,1.463,0.685,-0.765,-0.445,0.318,NA,0.151,-0.25,0.741,0.111,0.615,NA,0.463,-0.745,0.393,0.204,-0.635,-1.032,0.113,0.022,0.362,0.179,-0.053,-0.226,-0.306
"104",1953,0.448,0.527,-0.306,0.494,0.174,-0.401,-0.634,-0.544,-0.349,-0.474,0.478,NA,0.894,1.027,1.181,1.119,0.507,0.7,0.757,-0.565,0.399,0.037,0.58,-0.287,-0.394,0.291,0.525,NA,0.329,-0.13,NA,0.121,0.355,-0.057,1.216,1.336,0.598,1.175,1.111,-0.108,1.01,0.297,-0.093,0.678,-0.089,0.631,-0.946,0.372,-0.114,0.072,0.225,-0.17,0.38,0.369,1.097,0.752,1.366,0.039,0.334,0.793,-0.206,-0.004,-0.344,0.76,0.678,0.588,0.576,0.629,1.767,0.744,-0.659,-0.252,0.463,NA,0.341,-0.087,0.9,0.219,0.846,NA,0.494,-0.643,0.486,0.2,-0.43,-1.238,0.163,0.401,0.689,0.405,0.139,-0.059,-0.259
"105",1954,0.456,0.512,-0.063,0.524,0.284,-0.415,-0.363,-0.62,-0.356,-0.348,0.752,NA,0.739,1.066,1.241,1.194,0.353,0.602,0.855,-0.416,0.408,0.124,0.797,-0.135,-0.246,0.319,0.378,NA,0.506,0.264,NA,0.173,0.505,-0.051,1.051,1.386,0.484,1.087,1.218,-0.035,1.012,0.245,-0.281,0.753,0.218,0.948,-0.826,0.365,0.228,0.326,0.365,-0.057,0.436,0.627,1.528,0.784,1.392,0.079,0.371,0.838,-0.206,-0.047,-0.266,0.702,0.84,0.562,0.729,0.66,1.632,0.779,-0.621,-0.145,0.57,NA,0.464,0.268,1.016,0.464,1.061,NA,0.753,-0.308,0.471,0.165,-0.638,-1.65,-0.157,0.527,0.718,0.344,-0.061,0.65,0.112
"106",1955,0.372,0.461,-0.126,0.23,0.353,-0.47,-0.302,-0.819,-0.541,-0.482,0.688,NA,0.546,1.096,1.176,1.179,0.113,0.399,0.86,-0.612,0.466,0.296,1.12,0.033,-0.083,0.412,0.335,NA,0.55,0.375,NA,0.306,0.526,0.008,0.828,1.429,0.716,1.301,1.646,0.217,1.265,0.437,-0.272,0.742,0.344,1.15,-1.174,0.121,0.28,0.459,0.188,-0.376,0.494,0.527,1.539,0.939,1.452,0.17,0.308,0.817,-0.187,0.029,-0.224,0.77,0.82,0.57,0.815,0.717,1.629,0.678,-0.523,-0.026,0.656,0.251,0.5,0.355,1.034,0.626,1.088,NA,0.879,-0.404,0.319,0.113,-1.051,-1.942,-0.189,0.77,0.883,0.478,-0.016,0.833,0.179
"107",1956,0.252,0.326,-0.235,-0.004,0.295,-0.388,-0.155,-0.943,-0.577,-0.499,0.564,NA,0.32,1.065,1.05,0.996,-0.066,0.207,0.889,-0.677,0.166,0.138,1.115,-0.069,-0.145,0.206,-0.055,0,0.294,0.322,NA,0.214,0.543,-0.122,0.497,1.313,0.543,1.158,1.562,0.08,1.099,0.314,-0.498,0.706,0.212,1.045,-1.315,0.022,0.05,0.325,-0.114,-0.585,0.354,0.437,1.603,0.696,1.257,-0.043,0.248,0.756,-0.282,-0.061,-0.416,0.59,0.667,0.3,0.681,0.561,1.257,0.603,-0.646,-0.198,0.621,0.201,0.482,0.472,1.122,0.784,1.095,NA,0.909,-0.457,0.265,0.055,-1.19,-1.979,-0.629,0.683,0.694,0.203,-0.343,0.738,0.177
"108",1957,0.348,0.321,-0.322,-0.183,0.338,-0.353,0.011,-1.091,-0.602,-0.624,0.49,NA,0.305,1.208,1.14,1.137,-0.081,0.221,1.095,-0.777,0.04,0.11,1.25,0.052,0.004,0.135,-0.305,-0.019,0.085,0.291,NA,0.358,0.589,-0.071,0.383,1.433,0.511,1.171,NA,0.096,1.157,0.324,-0.661,0.844,0.235,1.044,-1.458,0.012,-0.038,0.301,-0.33,-0.844,0.487,0.587,1.651,0.692,1.418,0.066,0.376,0.882,-0.209,0.029,-0.402,0.625,0.434,0.285,0.779,0.644,1.118,0.681,-0.605,-0.157,0.745,0.261,0.631,0.567,1.292,0.87,1.289,0.681,0.863,-0.449,0.44,0.191,-1.377,-2.053,-0.901,0.654,0.705,0.145,-0.505,0.736,0.183
"109",1958,0.181,0.077,-0.124,-0.161,0.278,0.014,0.419,-0.962,-0.264,-0.27,0.498,0.66,0.032,1.056,0.804,1.034,-0.38,-0.07,0.942,-0.397,-0.064,0.004,1.253,-0.134,-0.181,0.016,-0.659,-0.128,0.041,0.308,NA,0.193,0.4,-0.12,0.018,1.361,0.389,1.163,NA,0.017,1.107,0.346,-0.654,0.671,0.157,1.033,-1.194,0.149,-0.118,0.277,-0.48,-0.698,0.483,0.723,1.795,0.519,1.271,0.009,0.122,0.675,-0.003,0.233,-0.277,0.449,0.26,-0.067,0.644,0.542,0.795,0.484,-0.51,-0.081,0.511,0.125,0.387,0.412,1.218,0.81,1.22,0.675,0.661,-0.147,0.314,-0.01,-0.865,-1.577,-1.212,0.509,0.617,0.024,-0.677,0.953,0.353
"110",1959,0.085,-0.144,0.005,-0.08,0.208,0.293,0.815,-0.855,-0.147,-0.043,0.359,0.684,-0.059,0.891,0.638,1.019,-0.597,-0.291,0.874,-0.369,-0.096,-0.122,1.204,-0.26,-0.259,-0.138,-1.094,-0.216,-0.008,0.344,NA,0.176,0.222,-0.295,-0.276,1.177,0.225,0.985,NA,-0.122,0.996,0.302,-0.77,0.491,0.098,1.06,-1.092,0.136,-0.177,0.232,-0.519,-0.68,0.379,0.856,1.85,0.353,1.124,-0.128,-0.033,0.628,0.031,0.331,-0.237,0.36,0.143,-0.309,0.497,0.497,0.532,0.349,-0.536,-0.131,0.417,0.046,0.224,0.321,1.076,0.788,1.002,0.669,0.642,0.013,0.291,-0.071,-0.867,-1.512,-1.555,0.293,0.435,-0.284,-0.98,1.044,0.414
"111",1960,-0.025,-0.306,-0.161,-0.203,0.17,0.29,0.999,-0.913,-0.166,-0.009,0.267,0.573,-0.138,0.721,0.442,0.957,-0.808,-0.5,0.756,-0.361,-0.039,-0.063,1.402,-0.308,-0.306,-0.193,-1.218,-0.11,-0.041,0.307,0.443,0.056,0.028,-0.265,-0.433,1.182,0.467,1.207,NA,-0.006,1.068,0.489,-0.359,0.28,0.137,1.148,-0.834,0.581,-0.041,0.312,-0.515,-0.788,0.4,0.588,1.653,0.308,1.157,-0.079,-0.233,0.551,0.567,0.698,0.295,0.377,0.019,-0.52,0.341,0.525,0.434,0.214,-0.319,-0.002,0.299,-0.019,0.013,0.175,0.845,0.723,0.651,0.414,0.551,0.042,0.266,-0.145,-0.787,-1.34,-1.243,0.291,0.458,-0.117,-0.749,1.092,0.558
"112",1961,-0.256,-0.442,-0.243,-0.167,0.103,0.357,1.171,-0.919,-0.079,0.12,0.322,0.567,-0.145,0.56,0.368,0.868,-0.889,-0.593,0.539,-0.146,0.079,0.149,1.638,-0.291,-0.252,-0.019,-0.976,0.068,-0.033,0.413,0.639,-0.049,-0.181,-0.365,-0.536,1.063,0.607,1.435,NA,0.15,1.168,0.699,0.016,0.019,0.191,1.194,-0.244,1.144,0.269,0.538,-0.364,-0.731,0.424,0.35,1.48,0.302,1.164,-0.095,-0.376,0.447,1.252,1.188,0.966,0.37,-0.117,-0.752,0.066,0.498,0.31,0.123,0.009,0.268,0.205,-0.123,-0.089,0.111,0.72,0.542,0.488,0.381,0.287,0.233,0.227,-0.201,-0.656,-1.133,-0.923,0.46,0.616,0.2,-0.445,1.222,0.775
"113",1962,-0.213,-0.397,-0.303,-0.03,0.105,0.333,1.136,-0.92,0.006,0.224,0.212,0.606,-0.199,0.418,0.272,0.695,-0.994,-0.658,0.301,-0.161,-0.051,-0.052,1.51,-0.473,-0.388,-0.257,-1.166,-0.039,-0.178,0.385,0.524,-0.302,-0.178,-0.643,-0.761,0.802,0.448,1.176,NA,0.043,0.992,0.377,-0.268,-0.024,0.076,1.092,-0.078,1.176,0.204,0.489,-0.376,-0.732,0.226,0.219,1.41,0.04,0.934,-0.292,-0.581,0.333,1.198,1.164,1.039,0.072,-0.244,-1.098,-0.312,0.283,0.002,0.046,-0.008,0.087,0.036,-0.191,-0.144,0.263,0.943,0.407,0.542,0.434,0.197,0.191,-0.05,-0.421,-0.764,-1.045,-1.026,0.165,0.337,0.055,-0.534,1.236,0.804
"114",1963,-0.369,-0.496,-0.307,0.039,0.06,0.205,1.185,-0.927,0.113,0.234,0.097,0.777,-0.365,0.186,0.034,0.382,-1.183,-0.854,0.008,-0.071,-0.379,-0.323,1.213,-0.89,-0.743,-0.478,-1.374,-0.298,-0.318,0.375,0.367,-0.674,-0.25,-0.969,-1.134,0.551,0.177,0.962,NA,-0.242,0.738,0.124,-0.302,-0.245,-0.025,0.996,-0.266,1.009,0.174,0.349,-0.391,-0.724,-0.049,0.082,1.355,-0.348,0.59,-0.687,-0.957,0.094,1.158,1.152,0.972,-0.33,-0.331,-1.569,-0.801,-0.038,-0.421,-0.184,0.037,0.107,-0.294,-0.44,-0.376,0.238,0.979,0.395,0.383,0.343,0.186,-0.041,-0.416,-0.704,-0.904,-0.941,-1.092,-0.279,-0.071,-0.094,-0.779,1.143,0.88
"115",1964,-0.564,-0.633,-0.736,-0.191,-0.162,0.256,1.058,-0.941,0.025,0.006,-0.283,0.493,-0.345,-0.049,-0.081,0.358,-1.268,-0.899,-0.248,-0.357,-0.485,-0.357,1.088,-0.996,-0.922,-0.474,-1.427,-0.525,-0.59,0.157,0.051,-0.875,-0.413,-1.034,-1.158,0.424,0.238,1.031,NA,-0.23,0.837,0.065,-0.302,-0.458,-0.226,0.795,-0.304,0.79,-0.058,0.153,-0.645,-0.862,-0.075,-0.24,0.863,-0.313,0.557,-0.693,-1.082,-0.069,1.006,1.139,0.768,-0.462,-0.567,-1.63,-0.967,-0.148,-0.371,-0.31,0.006,0.053,-0.473,-0.682,-0.516,-0.012,0.901,0.184,0.167,0.087,0.097,-0.484,-0.534,-0.822,-1.049,-0.895,-0.997,-0.394,-0.172,-0.055,-0.719,0.818,0.517
"116",1965,-0.649,-0.581,-0.826,-0.126,-0.182,0.362,1.122,-0.877,0.174,0.303,-0.337,0.409,-0.326,-0.196,-0.128,0.33,-1.281,-0.891,-0.423,-0.124,-0.517,-0.446,0.896,-0.992,-1.003,-0.525,-1.552,-0.683,-0.657,0.157,-0.066,-0.969,-0.406,-1.071,-1.229,0.246,-0.043,0.761,NA,-0.423,0.657,-0.217,-0.499,-0.539,-0.145,0.784,0.041,0.691,-0.121,0.082,-0.642,-0.662,-0.242,-0.228,0.771,-0.484,0.508,-0.82,-1.129,-0.185,0.85,0.88,0.621,-0.572,-0.378,-1.766,-1.213,-0.206,-0.52,-0.334,-0.267,-0.186,-0.517,-0.678,-0.658,-0.158,1.001,0.139,0.097,0.131,0.147,-0.388,-0.641,-0.915,-0.768,-0.437,-1.135,-0.631,-0.451,-0.336,-0.793,0.871,0.534
"117",1966,-0.801,-0.608,-0.748,-0.09,-0.424,0.656,1.253,-0.698,0.24,0.392,-0.433,0.331,-0.396,-0.431,-0.33,0.39,-1.477,-1.162,-0.815,0.023,-0.731,-0.607,0.726,-1.076,-1.252,-0.795,-1.681,-0.904,-0.854,-0.086,-0.336,-1.164,-0.605,-0.988,-1.362,0.334,0.061,0.828,NA,-0.423,0.527,-0.383,-0.544,-0.763,-0.383,0.632,0.289,0.402,-0.248,-0.08,-0.843,-0.504,-0.054,-0.376,0.517,-0.365,0.668,-0.77,-1.251,-0.48,0.71,0.713,0.497,-0.83,-0.513,-1.844,-1.325,-0.102,-0.525,-0.608,-0.383,-0.272,-0.775,-0.948,-1.003,-0.516,0.783,-0.191,-0.089,-0.05,-0.112,-0.296,-0.927,-1.082,-0.634,-0.23,-1.128,-0.827,-0.75,-0.352,-0.752,0.933,0.633
"118",1967,-0.959,-0.529,-0.805,-0.098,-0.517,0.727,1.323,-0.598,0.12,0.498,-0.513,0.376,-0.449,-0.664,-0.429,0.231,-1.525,-1.353,-1.135,0.245,-0.865,-0.751,0.598,-1.068,-1.412,-0.929,-1.781,-1.003,-0.876,0,-0.483,-1.31,-0.636,-1.188,-1.566,0.037,-0.101,0.741,0.35,-0.517,0.35,-0.668,-0.58,-0.946,-0.442,0.572,0.562,0.299,-0.226,-0.112,-0.924,-0.337,-0.304,-0.439,0.443,-0.441,0.426,-0.998,-1.343,-0.755,0.559,0.488,0.293,-1.109,-0.266,-1.957,-1.499,-0.304,-0.567,-0.943,-0.475,-0.284,-0.915,-1.039,-1.259,-0.507,0.744,-0.078,-0.195,0.106,0.021,-0.279,-1.241,-1.348,-0.423,0.02,-1.225,-0.866,-1.011,-0.465,-0.796,0.95,0.747
"119",1968,-0.993,-0.352,-1.052,-0.303,-0.508,0.6,1.239,-0.678,-0.056,0.035,-0.763,0.15,-0.629,-0.786,-0.286,0.425,-1.486,-1.37,-1.269,0.16,-0.842,-0.696,0.772,-0.901,-1.314,-0.891,-1.677,-1.009,-0.913,0.075,-0.534,-1.262,-0.649,-1.121,-1.366,0.073,-0.068,0.782,0.252,-0.455,0.391,-0.762,-0.559,-0.952,-0.447,0.536,0.36,-0.02,-0.309,-0.109,-0.972,-0.409,-0.367,-0.714,0.204,-0.309,0.573,-0.906,-1.247,-0.847,0.326,0.372,0.063,-1.026,-0.299,-1.933,-1.36,-0.188,-0.444,-0.955,-0.558,-0.383,-0.932,-0.954,-1.215,-0.563,0.695,-0.08,-0.327,0.203,0.061,-0.616,-1.222,-1.277,-0.778,-0.124,-1.136,-0.681,-0.983,-0.379,-0.621,0.641,0.722
"120",1969,-1.194,-0.242,-1.118,-0.495,-0.521,0.563,1.044,-0.846,-0.098,0.011,-0.771,0.097,-0.913,-0.908,-0.442,0.257,-1.678,-1.612,-1.499,0.299,-1.033,-0.796,0.671,-1.057,-1.51,-0.959,-1.707,-1.089,-0.984,0.117,-0.75,-1.558,-0.573,-1.016,-1.443,0.01,-0.084,0.875,0.17,-0.681,0.223,-0.909,-0.486,-1.06,-0.482,0.384,0.264,-0.31,-0.345,-0.196,-1.073,-0.339,-0.576,-0.687,0.166,-0.385,0.508,-1.104,-1.542,-1.14,0.214,0.106,-0.03,-1.339,-0.245,-2.144,-1.539,-0.353,-0.744,-1.146,-0.785,-0.58,-1.043,-1.031,-1.508,-0.534,0.688,0.057,-0.21,0.364,0.132,-0.593,-1.432,-1.587,-0.815,0.016,-1.178,-0.781,-1.148,-0.393,-0.668,0.811,0.858
"121",1970,-1.187,-0.025,-1.078,-0.452,-0.426,0.721,1.087,-0.77,-0.075,-0.023,-0.789,0.126,-0.992,-0.779,-0.397,0.401,-1.541,-1.602,-1.43,0.394,-0.911,-0.688,0.734,-0.875,-1.451,-0.759,-1.614,-0.913,-0.829,0.269,-0.645,-1.405,-0.438,-0.939,-1.243,-0.038,-0.194,0.921,0.188,-0.734,0.188,-0.854,-0.565,-0.952,-0.493,0.613,0.145,-0.647,-0.284,0.016,-1.006,-0.337,-0.658,-0.676,0.057,-0.282,0.542,-1.16,-1.547,-1.118,-0.015,0.016,-0.243,-1.28,-0.13,-1.974,-1.365,-0.243,-0.928,-0.965,-0.837,-0.395,-0.898,-0.928,-1.433,-0.513,0.515,0.194,-0.156,0.594,0.14,-0.628,-1.446,-1.538,-0.745,0.125,-1.199,-0.638,-1.077,-0.422,-0.609,0.803,0.762
"122",1971,-1.074,0.242,-1.048,-0.618,-0.335,0.74,1.067,-0.861,-0.22,-0.005,-0.726,0.259,-1.027,-0.678,-0.462,0.523,-1.415,-1.593,-1.306,0.326,-0.711,-0.644,0.832,-0.726,-1.328,-0.663,-1.582,-0.745,-0.64,0.34,-0.672,-1.222,-0.217,-0.93,-1.096,-0.015,-0.367,0.889,0.235,-0.791,0.089,-0.859,-0.757,-0.804,-0.291,0.902,-0.243,-0.937,-0.317,0.149,-1.056,-0.411,-0.836,-0.504,-0.007,-0.332,0.56,-1.295,-1.518,-1.12,-0.357,-0.164,-0.549,-1.3,-0.04,-1.891,-1.08,-0.153,-1.13,-0.852,-0.889,-0.424,-0.804,-0.759,-1.39,-0.313,0.478,0.447,0.096,0.59,0.285,-0.806,-1.338,-1.486,-0.84,-0.009,-1.218,-0.746,-1.039,-0.537,-0.693,0.79,0.752
"123",1972,-1.103,0.358,-0.861,-0.778,-0.536,0.848,1.394,-0.86,-0.212,0.036,-0.712,0.19,-0.859,-0.493,-0.486,0.607,-1.266,-1.59,-1.253,0.38,-0.789,-0.676,0.666,-0.717,-1.457,-0.665,-1.682,-0.922,-0.719,0.187,-0.84,-1.144,-0.242,-0.932,-0.989,0.036,-0.513,0.697,0.084,-0.974,-0.091,-0.98,-1.011,-0.698,-0.264,0.792,-0.543,-1.16,-0.472,0.008,-1.282,-0.281,-1.003,-0.388,0.035,-0.253,0.598,-1.381,-1.494,-1.183,-0.686,-0.402,-0.821,-1.339,-0.118,-1.842,-0.888,-0.044,-1.38,-0.886,-1.175,-0.47,-0.736,-0.817,-1.648,-0.444,0.107,0.518,0.145,0.321,0.127,-0.638,-1.143,-1.394,-0.868,0.007,-1.381,-0.887,-1.198,-0.701,-0.817,0.648,0.635
"124",1973,-0.957,0.533,-0.754,-0.911,-0.682,1.09,1.379,-0.731,-0.354,-0.169,-0.792,-0.156,-0.701,-0.237,-0.44,0.965,-1.055,-1.49,-1.08,0.422,-0.54,-0.419,0.896,-0.285,-1.143,-0.497,-1.461,-0.666,-0.828,-0.082,-0.973,-0.81,-0.358,-0.619,-0.742,0.233,-0.289,0.872,0.323,-0.749,0.043,-0.75,-1.033,-0.436,-0.323,0.492,-0.695,-1.191,-0.569,-0.069,-1.523,-0.183,-0.917,-0.415,-0.205,0.162,0.847,-1.089,-1.272,-1.166,-0.757,-0.496,-0.939,-0.927,-0.303,-1.417,-0.442,0.228,-1.192,-0.724,-1.172,-0.508,-0.47,-0.625,-1.569,-0.563,-0.222,0.416,0.171,0.153,-0.194,-0.589,-0.824,-1.293,-0.815,-0.009,-1.206,-0.527,-0.902,-0.525,-0.46,0.251,0.378
"125",1974,-0.892,0.706,-0.225,-0.612,-0.813,1.341,1.546,-0.535,-0.286,-0.193,-0.714,-0.103,-0.524,0.096,-0.466,1.102,-0.873,-1.522,-0.917,0.786,-0.664,-0.54,0.746,-0.33,-1.1,-0.746,-1.607,-0.556,-0.907,-0.037,-0.979,-0.813,-0.473,-0.47,-0.701,0.316,-0.429,0.763,0.112,-1,-0.246,-0.868,-1.178,-0.164,-0.416,0.198,-0.512,-0.866,-0.455,-0.14,-1.547,0.057,-1.035,-0.292,0.008,0.08,0.866,-1.278,-1.184,-1.142,-0.646,-0.663,-0.97,-0.866,-0.341,-1.382,-0.309,0.405,-1.409,-0.486,-1.185,-0.47,-0.429,-0.52,-1.696,-0.66,-0.389,0.44,0.281,0.15,-0.394,-0.134,-0.64,-1.248,-0.57,0.234,-1.344,-0.651,-1.013,-0.696,-0.641,0.341,0.538
"126",1975,-0.811,0.726,0.014,-0.658,-1.022,1.401,1.418,-0.647,-0.356,-0.6,-0.738,-0.06,-0.251,0.259,-0.512,1.358,-0.688,-1.535,-0.853,0.756,-0.656,-0.48,0.862,-0.326,-0.98,-0.843,-1.58,-0.373,-0.924,-0.056,-1.007,-0.695,-0.621,-0.363,-0.485,0.639,-0.234,1.005,0.228,-0.981,-0.253,-0.651,-1.067,-0.129,-0.533,-0.043,-0.833,-0.626,-0.458,-0.105,-1.64,0.121,-0.945,-0.356,-0.152,0.271,0.941,-1.158,-1.139,-1.103,-0.515,-0.366,-0.815,-0.759,-0.628,-1.307,-0.001,0.47,-1.354,-0.369,-1.004,-0.285,-0.38,-0.473,-1.767,-0.75,-0.729,0.368,0.354,-0.004,-0.715,-0.109,-0.424,-1.167,-0.763,0.107,-1.18,-0.529,-0.788,-0.492,-0.592,0.175,0.426
"127",1976,-0.982,0.628,0.237,-0.592,-1.19,1.528,1.332,-0.845,-0.419,-0.833,-0.701,-0.043,-0.252,0.226,-0.65,1.446,-0.701,-1.489,-0.867,0.573,-0.658,-0.511,0.775,-0.459,-0.942,-0.864,-1.627,-0.202,-0.953,0.104,-0.92,-0.643,-0.747,-0.453,-0.377,0.701,-0.397,0.927,0.17,-1.119,-0.276,-0.413,-1.028,-0.306,-0.492,-0.295,-0.963,-0.054,-0.283,-0.003,-1.735,0.23,-1.253,-0.183,-0.22,0.207,0.764,-1.219,-1.135,-1.138,-0.305,-0.068,-0.436,-0.855,-0.655,-1.531,0.112,0.344,-1.551,-0.327,-0.747,-0.139,-0.472,-0.336,-1.777,-0.789,-1.06,0.321,0.357,-0.13,-0.899,-0.188,-0.178,-1.189,-0.897,0.173,-1.176,-0.426,-0.709,-0.536,-0.657,0.112,0.241
"128",1977,-0.918,0.509,0.71,-0.397,-1.144,1.536,1.273,-0.745,-0.392,-0.518,-0.385,0.102,-0.298,0.214,-0.903,1.665,-0.667,-1.373,-0.812,0.419,-0.537,-0.354,0.895,-0.424,-0.794,-0.814,-1.533,0.096,-0.77,0.388,-0.711,-0.506,-0.808,-0.396,-0.107,1.006,-0.304,1.1,0.33,-0.981,-0.158,-0.157,-0.836,-0.197,-0.336,-0.418,-1.088,0.048,-0.231,0.087,-1.566,0.393,-1.215,0.216,-0.191,0.295,0.899,-1.084,-1.187,-1.002,-0.195,0.145,-0.24,-0.762,-0.615,-1.633,0.201,0.441,-1.653,-0.142,-0.587,-0.049,-0.406,-0.049,-1.57,-0.859,-1.348,0.242,0.463,-0.048,-0.9,-0.059,0.128,-1.033,-1.107,0.141,-0.946,-0.36,-0.531,-0.426,-0.501,0.255,0.282
"129",1978,-0.81,0.521,1.054,-0.263,-1.189,1.612,1.208,-0.611,-0.377,-0.323,-0.294,0.123,-0.052,0.402,-1.084,1.73,-0.538,-1.332,-0.673,0.299,-0.65,-0.507,0.561,-0.43,-0.88,-1.079,-1.765,0.012,-0.869,0.334,-0.826,-0.541,-0.816,-0.454,-0.158,1.01,-0.412,1.03,0.164,-1.143,-0.348,-0.248,-0.868,-0.244,-0.366,-0.705,-1.042,-0.095,-0.508,-0.26,-1.781,0.43,-1.268,0.543,0.002,0.285,0.795,-1.229,-1.116,-0.841,-0.371,-0.057,-0.296,-0.919,-0.444,-1.561,0.147,0.387,-1.909,-0.105,-0.894,-0.33,-0.332,0.072,-1.458,-0.796,-1.55,0.201,0.637,-0.156,-0.778,0.245,0.166,-1.027,-1.245,0.157,-1.131,-0.607,-0.748,-0.662,-0.779,0.223,0.128
"130",1979,-0.745,0.399,1.159,-0.37,-1.478,1.684,1.206,-0.329,-0.214,-0.546,-0.34,0.103,0.138,0.4,-1.188,1.823,-0.369,-1.273,-0.525,0.163,-0.702,-0.66,0.359,-0.52,-0.952,-1.17,-1.842,-0.042,-1.02,0.103,-0.859,-0.566,-1.023,-0.54,-0.181,1.107,-0.483,0.452,0.104,-1.002,-0.509,-0.374,-0.986,-0.295,-0.53,-1.041,-0.868,0.122,-0.632,-0.461,-1.753,0.576,-1.088,0.432,0.069,0.235,0.895,-1.089,-0.943,-0.776,-0.504,-0.168,-0.545,-0.896,-0.55,-1.581,0.225,0.34,-1.904,-0.142,-0.923,-0.369,-0.457,0.085,-1.295,-0.804,-1.78,-0.066,0.628,-0.448,-0.825,0.318,0.181,-0.95,-1.139,0.231,-1.283,-0.564,-0.779,-0.729,-0.79,-0.058,0.053
"131",1980,-0.662,0.398,1.42,-0.23,-1.469,1.619,1.369,-0.28,-0.138,-0.374,-0.074,0.284,0.199,0.345,-1.245,2.004,-0.356,-1.226,-0.362,0.055,-0.689,-0.692,0.112,-0.611,-0.914,-1.18,-1.744,-0.001,-0.957,0.233,-0.775,-0.538,-0.961,-0.622,-0.265,1.083,-0.55,0.06,0.052,-0.952,-0.667,-0.285,-0.941,-0.21,-0.281,-1.321,-0.684,0.461,-0.467,-0.521,-1.532,0.73,-1.167,0.59,0.218,0.193,0.96,-1.135,-0.792,-0.825,-0.161,0.012,-0.233,-0.949,-0.374,-1.701,0.222,0.192,-1.911,-0.426,-0.675,-0.204,-0.425,0.316,-1.266,-0.636,-1.516,-0.007,0.675,-0.534,-0.657,0.446,0.209,-0.928,-1.14,0.182,-1.265,-0.652,-0.849,-0.611,-0.793,0.027,0.197
"132",1981,-0.658,0.223,1.974,0.344,-1.495,1.945,1.747,0.084,0.167,-0.092,0.386,0.614,-0.019,0.079,-1.366,2.107,-0.496,-1.415,-0.328,0.079,-0.734,-0.749,-0.192,-0.673,-1,-1.202,NA,0.164,-0.851,0.536,-0.555,-0.558,-1.143,-0.5,-0.403,1.107,-0.533,-0.199,-0.029,-0.906,-0.766,-0.075,-0.758,-0.13,-0.25,-1.555,-0.237,0.856,-0.213,-0.472,-1.27,1.009,-1.035,0.752,0.533,0.196,0.956,-1.096,-0.867,-0.896,0.479,0.249,0.204,-1.014,-0.274,-1.871,0.03,0.025,-1.813,-0.688,-0.294,0.278,-0.486,0.457,-1.361,-0.807,-1.424,-0.198,0.503,-0.297,-0.517,0.827,0.02,-1.052,-1.064,0.379,-1.11,-0.654,-0.788,-0.384,-0.677,0.422,0.537
"133",1982,-0.558,0.084,2.071,0.442,-1.45,1.935,1.644,0.006,0.292,-0.091,0.341,0.486,-0.004,-0.129,-1.28,2.207,-0.445,-1.424,-0.214,-0.14,-0.701,-0.715,-0.265,-0.61,-0.811,-1.249,NA,0.339,-0.881,0.662,-0.549,-0.538,-1.184,-0.338,-0.42,1.172,-0.562,-0.287,0.168,-0.658,-0.686,0.249,-0.537,-0.011,-0.189,-1.762,-0.047,0.678,-0.181,-0.56,-1.202,0.858,-0.864,0.752,0.49,0.223,1.06,-0.983,-0.694,-0.777,0.621,0.269,0.115,-0.839,-0.247,-1.817,0.045,-0.075,-1.539,-0.705,-0.127,0.469,-0.51,0.635,-1.139,-0.847,-1.313,-0.325,0.394,-0.23,-0.383,0.701,-0.001,-0.993,-1.034,0.399,-0.897,-0.476,-0.666,-0.252,-0.597,0.482,0.557
"134",1983,-0.777,-0.36,2.276,0.57,-1.55,2.048,2.037,0.155,0.649,0.3,0.178,0.437,-0.143,-0.545,-1.509,2.11,-0.575,-1.509,-0.335,-0.319,-0.831,-0.795,-0.617,-0.733,-0.922,-1.333,NA,0.269,-0.879,0.738,-0.722,-0.703,-1.355,-0.373,-0.46,1.186,-0.638,-0.676,0.067,-0.778,-0.834,0.143,-0.528,-0.354,-0.259,-1.903,0.075,0.504,-0.317,-0.731,-1.225,0.826,-0.828,0.854,0.684,0.041,1.047,-1.103,-0.82,-0.843,0.614,0.274,0.129,-1.052,-0.325,-2.018,-0.124,-0.281,-1.44,-0.923,-0.31,0.471,-0.639,0.505,-1.23,-1.015,-1.435,-0.597,0.213,-0.404,-0.354,0.913,-0.126,-1.046,-1.035,0.502,-0.991,-0.568,-0.887,-0.473,-0.854,0.719,0.483
"135",1984,-0.763,-0.57,2.373,0.481,-1.507,2.079,2.352,0.335,0.835,0.366,0.064,0.273,-0.265,-0.742,-1.611,2.01,-0.607,-1.427,-0.357,-0.747,-0.851,-0.755,-0.804,-0.745,-1.008,-1.208,NA,0.236,-0.867,0.703,-0.758,-0.683,-1.267,-0.307,-0.526,1.245,-0.528,-0.912,0.127,-0.545,-0.789,0.208,-0.289,-0.628,-0.17,-1.957,0.021,0.296,-0.469,-0.844,-1.285,0.592,-0.669,0.827,0.608,0.102,1.114,-0.916,-0.891,-0.856,0.668,0.492,0.261,-1.173,-0.322,-2.132,-0.292,-0.415,-1.234,-1.174,-0.351,0.49,-0.751,0.514,-1.193,-0.878,-1.458,-0.694,0.151,-0.604,-0.333,0.725,-0.218,-0.992,-1.174,0.407,-0.894,-0.377,-0.877,-0.454,-0.721,0.584,0.207
"136",1985,-0.778,-0.729,2.692,0.666,-1.437,2.023,2.749,0.664,0.988,0.669,0.017,0.16,-0.345,-0.775,-1.613,1.887,-0.599,-1.241,-0.267,-1.235,-1.055,-0.928,-1.246,-0.845,-1.156,-1.344,NA,-0.011,-1.067,0.581,-0.957,-0.835,-1.204,-0.311,-0.583,1.06,-0.71,-1.47,-0.003,-0.582,-0.915,0.071,-0.367,-0.607,-0.228,-2.252,0.04,0.177,-0.631,-1.11,-1.334,0.321,-0.647,0.971,0.806,-0.03,1.172,-0.941,-0.893,-0.906,0.617,0.287,0.075,-1.344,-0.315,-2.186,-0.415,-0.334,-1.16,-1.296,-0.521,0.328,-0.882,0.438,-1.093,-0.837,-1.409,-0.76,-0.052,-0.529,-0.266,0.832,-0.227,-0.896,-1.341,0.272,-0.985,-0.449,-1.103,NA,-0.835,0.656,0.167
"137",1986,-0.398,-0.566,2.983,0.7,-1.046,1.886,3.003,1.134,1.312,0.909,0.143,0.283,-0.063,-0.478,-1.274,1.891,-0.171,-0.902,0.194,-1.041,-0.816,-0.682,-1.208,-0.59,-0.926,-1.069,NA,0.05,-0.818,0.691,-0.806,-0.588,-0.964,-0.123,-0.493,0.94,-0.495,-1.669,0.162,-0.453,-0.741,0.061,-0.226,-0.201,-0.003,-2.057,-0.005,-0.012,-0.609,-1.106,-0.901,0.341,-0.39,1.016,0.979,0.002,1.374,-0.776,-0.682,-0.514,0.719,0.38,0.065,-0.954,-0.087,-1.806,-0.292,-0.205,-0.801,-1.045,-0.572,0.388,-0.59,0.682,-0.675,-0.48,-0.983,-0.573,0.118,-0.269,0.064,0.941,-0.119,-0.683,-1.272,0.314,-0.763,-0.305,-0.953,NA,-0.623,0.718,0.378
"138",1987,-0.421,-0.621,3.003,0.48,-0.966,1.967,3.02,1.153,1.594,0.658,0.017,0.12,0.018,-0.352,-1.224,1.841,-0.127,-0.86,0.448,-0.839,-0.587,-0.394,-1.084,-0.466,-0.829,-0.701,NA,0.186,-0.706,0.465,-0.634,-0.472,-0.912,0.021,-0.532,0.733,-0.089,-1.682,0.378,-0.265,-0.493,0.503,0.118,-0.229,0.027,-1.848,0.237,0.266,-0.404,-0.931,-0.747,0.27,-0.285,0.601,0.878,0.051,1.454,-0.715,-0.578,-0.439,1.139,0.841,0.47,-0.672,-0.152,-1.502,-0.174,-0.132,-0.452,-1.015,-0.257,0.734,-0.497,0.638,-0.641,-0.466,-0.853,-0.643,-0.04,-0.568,-0.087,0.962,-0.188,-0.591,-1.082,0.382,-0.415,0.086,-0.623,NA,-0.304,0.725,0.402
"139",1988,-0.492,-0.681,3.23,0.56,-0.794,2.078,3.077,1.138,1.705,0.697,0.161,0.232,0.004,-0.392,-1.21,1.73,-0.172,-0.881,0.581,-0.751,-0.358,-0.099,-0.932,-0.386,-0.676,-0.352,NA,0.494,-0.408,0.612,-0.262,-0.322,-0.791,0.249,-0.515,0.821,0.086,-1.945,0.596,-0.054,-0.25,0.719,0.144,-0.149,0.159,-1.551,0.569,0.83,0.006,-0.464,-0.336,0.324,-0.085,0.564,0.796,0.083,1.628,-0.525,-0.649,-0.44,1.613,1.235,0.876,-0.5,-0.109,-1.378,-0.078,-0.13,-0.082,-1.009,0.171,1.162,-0.404,0.67,-0.673,-0.254,-0.62,-0.527,0.001,-0.587,-0.114,0.958,-0.151,-0.57,-0.847,0.364,-0.171,0.372,-0.344,NA,-0.036,1.254,0.593
"140",1989,-0.465,-0.63,3.683,0.996,-0.588,1.96,3.205,1.014,1.706,0.913,0.275,0.355,0.129,-0.315,-1.008,1.607,-0.072,-0.724,0.692,-0.776,-0.364,0.046,-0.93,-0.278,-0.524,-0.291,NA,0.591,-0.26,0.758,-0.053,-0.222,-0.705,0.209,-0.593,0.64,0.08,-1.893,0.527,-0.187,-0.151,0.757,0.1,-0.029,0.209,-1.41,0.555,0.835,0.159,-0.245,-0.273,0.135,-0.243,0.863,0.877,0.035,1.444,-0.611,-0.583,-0.245,1.822,1.412,1.208,-0.492,-0.017,-1.305,-0.092,-0.177,0.067,-0.812,0.329,1.282,-0.251,0.699,-0.56,-0.132,-0.466,-0.468,0.038,-0.414,-0.106,0.912,-0.043,-0.507,-0.842,0.311,-0.102,0.386,-0.244,NA,0.03,1.47,0.574
"141",1990,-0.277,-0.555,3.788,0.904,-0.437,2.047,3.185,0.976,1.725,0.796,0.214,0.281,0.481,-0.122,-0.744,1.653,0.254,-0.376,0.866,-0.692,-0.192,0.294,-0.64,0.036,-0.28,-0.088,NA,0.7,-0.151,0.693,0.109,0.091,-0.593,0.524,-0.328,0.9,0.393,-1.663,0.822,0.021,0.261,0.961,0.291,0.177,0.275,-1.251,0.706,0.909,0.203,-0.081,-0.289,-0.006,0.117,1.07,0.789,0.289,1.672,-0.202,-0.24,0.198,1.914,1.698,1.311,-0.189,0.073,-0.929,0.214,0.147,0.602,-0.307,0.467,1.412,0.038,0.762,-0.214,-0.061,-0.402,-0.466,0.229,-0.322,-0.158,0.965,0.296,-0.277,-0.749,0.414,0.159,0.84,0.106,NA,0.283,1.595,0.444
"142",1991,-0.184,-0.525,3.688,0.634,-0.293,1.927,2.878,0.89,1.641,0.399,-0.081,0.058,0.876,0.178,-0.465,1.78,0.534,0.008,1.07,-0.748,-0.116,0.488,-0.407,0.31,-0.101,0.001,NA,0.642,-0.023,0.643,0.22,0.424,-0.459,0.704,-0.015,1.094,0.672,-1.607,1.026,0.175,0.654,0.926,0.245,0.241,0.318,-1.138,0.616,0.791,0.133,-0.103,-0.216,-0.18,0.279,1.094,0.665,0.519,1.876,0.126,0.116,0.63,1.653,1.749,1.285,0.254,0.136,-0.411,0.654,0.515,1.021,0.056,0.36,1.298,0.309,0.787,0.081,-0.005,-0.449,-0.406,0.306,-0.476,-0.316,0.716,0.687,0.063,-0.789,0.435,0.19,1.302,0.229,NA,0.396,1.371,0.25
"143",1992,-0.433,-0.618,3.877,0.815,-0.197,2.223,3.124,1.279,1.85,0.334,0.089,0.299,0.781,0.259,-0.584,1.684,0.449,-0.042,1.061,-0.293,0.044,0.621,-0.336,0.341,-0.08,0.149,-0.476,0.804,0.177,0.558,0.375,0.546,-0.47,0.724,-0.029,1.005,0.782,-1.597,0.985,0.082,0.718,1.006,0.472,0.03,0.308,-0.996,0.902,1.371,0.293,0.153,-0.044,0.158,0.292,1.178,0.668,0.365,1.776,0.139,0.036,0.703,1.947,2.019,1.687,0.314,0.182,-0.366,0.753,0.605,1.112,0.074,0.537,1.364,0.285,0.738,-0.027,0.108,-0.499,-0.358,0.325,-0.46,-0.382,0.975,0.738,0.08,-0.555,0.73,0.326,1.51,0.446,NA,0.523,1.584,0.451
"144",1993,-0.302,-0.417,3.941,0.925,-0.057,2.207,2.957,1.257,1.688,0.077,0.222,0.317,0.915,0.532,-0.399,1.619,0.608,0.187,1.386,-0.528,-0.023,0.504,-0.385,0.231,-0.086,-0.091,-0.62,0.519,-0.011,0.283,0.308,0.589,-0.32,0.604,-0.04,0.852,0.594,-1.718,0.888,-0.051,0.787,0.796,0.326,0.27,0.209,-1.071,0.615,1.213,0.089,0.015,-0.197,-0.03,0.173,1.283,0.74,0.188,1.731,0.106,0.187,0.995,1.624,1.852,1.446,0.35,0.186,-0.228,0.955,0.688,1.046,0.255,0.334,1.036,0.285,0.81,0.262,0.34,-0.266,-0.142,0.455,-0.459,-0.354,0.652,0.819,0.229,-0.867,0.685,0.143,1.559,0.526,NA,0.51,1.34,0.466
"145",1994,-0.231,-0.314,3.907,NA,0.068,2.131,2.871,1.099,1.656,0.361,0.63,0.537,1.094,0.591,-0.214,1.667,0.704,0.141,1.62,-0.072,0.091,0.523,-0.215,0.315,0.067,-0.101,-0.657,0.501,0.041,0.24,0.331,0.675,-0.305,0.559,0.105,0.918,0.508,-1.718,0.825,-0.139,0.958,0.837,0.339,0.517,0.256,-0.959,0.793,1.224,0.181,0.116,0.032,0.249,0.142,1.595,1.055,0.166,1.717,0.035,0.323,1.198,1.481,1.845,1.414,0.454,0.173,-0.096,1.252,0.693,1.034,0.377,0.37,0.862,0.397,0.855,0.433,0.494,-0.117,-0.093,0.559,-0.275,-0.33,1.017,1.015,0.23,-0.583,0.888,0.138,1.711,0.619,NA,0.59,1.753,0.906
"146",1995,-0.213,-0.252,3.908,NA,0.123,2.42,2.949,1.197,1.877,0.484,0.717,0.623,1.047,0.569,-0.282,1.647,0.696,-0.062,1.712,0.566,0.225,0.638,0.087,0.402,0.283,0.227,-0.483,0.665,0.215,0.303,0.516,NA,-0.213,0.551,0.207,0.968,0.597,-1.537,0.823,-0.097,1.144,1.041,0.571,0.558,0.363,-0.723,1.045,1.319,0.496,0.302,0.317,0.639,0.214,1.82,1.366,0.274,1.699,0.087,0.383,1.21,1.623,2.071,1.627,0.521,0.211,0.029,1.42,0.616,1.044,0.408,0.65,1.027,0.463,0.896,0.504,0.636,0.052,0.002,0.744,-0.271,-0.292,1.219,1.047,0.184,-0.164,1.334,0.291,1.929,0.857,NA,0.823,1.959,1.149
"147",1996,-0.47,-0.424,3.849,NA,-0.117,2.584,2.94,1.114,1.765,0.438,0.483,0.496,0.906,0.399,-0.491,1.548,0.429,-0.39,1.614,0.613,-0.092,0.314,-0.154,0.205,0.002,-0.048,-0.719,0.291,-0.127,0.014,0.151,NA,-0.313,0.511,0.007,0.965,0.362,-1.738,0.65,-0.235,0.99,0.702,0.287,0.39,0.077,-1.083,0.657,0.779,0.136,-0.079,-0.092,0.568,0.19,1.983,1.54,0.193,1.537,0.016,0.177,0.969,1.058,1.598,1.156,0.334,-0.017,-0.112,1.249,0.485,0.852,0.199,0.236,0.655,0.264,0.646,0.233,0.637,-0.002,-0.041,0.776,-0.319,-0.39,1.378,0.839,-0.061,-0.404,1.229,-0.016,1.765,0.594,0.737,0.59,1.98,0.939
"148",1997,-0.557,-0.432,3.821,NA,-0.264,2.844,3.171,1.187,1.71,0.392,0.23,0.377,1.053,0.321,-0.429,1.534,0.337,-0.481,1.446,0.624,-0.457,-0.042,-0.505,-0.063,-0.307,-0.422,-1.097,-0.11,-0.393,-0.15,-0.182,NA,-0.404,0.468,-0.101,1.008,0.041,-2.107,0.203,-0.558,0.698,0.184,-0.13,0.292,-0.203,-1.403,0.341,0.471,-0.08,-0.419,-0.303,0.495,0.18,1.919,1.596,-0.025,1.45,-0.1,0.111,0.968,0.606,1.025,0.866,0.1,-0.134,-0.351,1.177,0.513,0.618,0.181,-0.367,0.197,0.056,0.423,0.104,0.577,-0.143,-0.135,0.775,-0.34,-0.442,1.378,0.784,-0.359,-0.489,1.121,-0.359,1.381,0.225,0.424,0.151,1.837,0.771
"149",1998,-0.269,-0.225,3.477,NA,-0.009,2.769,3.174,1.009,1.655,0.449,0.16,0.383,1.301,0.561,-0.129,1.83,0.57,-0.171,1.565,0.808,-0.217,0.225,-0.129,0.276,-0.009,-0.24,-0.816,-0.007,-0.192,-0.027,-0.157,NA,-0.112,0.649,0.148,1.184,0.544,-1.732,0.486,-0.182,1.067,0.421,0.312,0.524,0.063,-1.256,0.208,0.413,0.092,-0.339,-0.261,0.323,0.494,2.028,1.671,0.264,1.692,0.199,0.419,1.283,0.553,1.212,1.003,0.574,0.154,-0.059,1.536,0.952,0.976,0.505,-0.322,0.424,0.342,0.708,0.456,0.644,0.021,0.128,0.945,-0.025,-0.179,1.344,1.063,-0.225,-0.262,1.185,0.059,1.672,0.541,0.849,0.487,1.564,0.799
"150",1999,-0.145,-0.092,3.209,NA,0.305,2.769,2.929,0.981,1.464,0.467,0.23,0.478,1.296,0.684,-0.198,2.03,0.527,-0.203,1.608,1.06,0.065,0.511,0.167,0.598,0.146,-0.038,-0.506,0.287,0.164,0.208,0.022,NA,0.149,0.924,0.28,1.425,0.984,-1.338,0.717,0.162,1.399,0.832,0.746,0.64,0.414,-0.973,0.457,0.792,0.41,-0.092,-0.075,0.355,0.773,1.953,1.61,0.501,1.945,0.416,0.564,1.213,0.778,1.629,1.319,0.991,0.471,0.122,1.77,1.326,1.242,0.531,-0.064,0.843,0.553,1.015,0.726,0.729,0.262,0.535,1.072,0.076,0.07,1.447,1.157,-0.199,-0.14,1.079,0.518,2.039,0.865,1.311,0.795,1.751,0.948
"151",2000,-0.322,-0.185,3.178,NA,0.218,2.703,2.687,1.032,1.482,0.58,0.166,0.503,1.084,0.558,-0.558,1.728,0.11,-0.582,1.319,1.161,-0.117,0.391,0.001,0.407,-0.11,-0.239,-0.615,0.224,0.18,0.185,-0.051,NA,0.067,0.725,-0.081,1.16,0.993,-1.408,0.517,0.026,1.244,0.74,0.683,0.402,0.225,-1.091,0.378,0.608,0.356,-0.17,-0.158,0.434,0.584,1.94,1.8,0.269,1.6,0.078,0.186,0.733,0.491,1.383,1.211,0.792,0.314,-0.143,1.479,1.141,0.991,0.186,-0.285,0.736,0.311,0.906,0.582,0.712,0.203,0.583,1.055,0.159,0.189,1.48,0.846,-0.586,-0.364,0.99,0.395,1.832,0.719,1.176,0.584,1.656,1.074
"152",2001,-0.467,-0.235,3.26,NA,0.253,2.764,2.512,1.137,1.452,0.903,0.184,0.562,0.991,0.453,-0.766,1.557,-0.096,-0.732,1.195,1.33,-0.185,0.384,-0.038,0.354,-0.203,-0.325,-0.621,0.223,0.167,0.122,-0.122,NA,0.029,0.633,-0.273,1.074,1.179,-1.223,0.521,0.003,1.197,0.913,0.896,0.175,0.137,-1.099,0.543,0.793,0.487,-0.111,-0.342,0.559,0.502,1.997,1.963,0.255,1.501,0.028,0.097,0.477,0.288,1.353,1.202,0.69,0.246,-0.349,1.383,0.974,0.851,0.097,-0.39,0.575,0.152,0.844,0.482,0.614,0.121,0.538,1.001,0.327,0.26,1.678,0.627,-0.898,-0.372,0.835,0.487,1.757,0.753,1.252,0.654,1.744,1.187
"153",2002,-0.32,-0.204,3.332,NA,0.299,2.642,2.158,1.044,1.177,0.925,0.081,0.562,1.129,0.469,-0.741,1.815,-0.047,-0.625,1.289,1.249,-0.167,0.549,0.191,0.535,-0.122,-0.223,-0.464,0.3,0.295,0.242,0.028,NA,0.078,0.836,-0.071,1.348,1.534,-1.044,0.703,0.15,1.426,1.081,0.954,0.207,0.134,-0.927,0.485,0.479,0.572,-0.005,-0.316,0.396,0.703,2.085,2.145,0.627,1.754,0.299,0.255,0.441,0.027,1.387,1.23,0.899,0.134,-0.177,1.618,1.149,1.007,0.265,-0.315,0.705,0.25,0.907,0.807,0.568,0.18,0.483,1.053,0.394,0.231,1.514,0.821,-0.888,-0.597,0.572,0.637,1.934,0.884,1.433,0.798,1.541,1.113
"154",2003,-0.339,-0.098,3.501,NA,0.391,2.688,1.984,1.172,1.192,1.16,0.198,0.814,1.185,0.442,-0.767,1.684,-0.129,-0.825,1.123,1.86,-0.187,0.621,0.237,0.532,-0.217,-0.136,-0.414,0.557,0.573,0.531,0.359,NA,0.182,0.795,-0.207,1.206,1.727,-1.023,0.659,0.151,1.334,1.367,1.073,0.087,0.221,-0.687,1.057,0.75,0.926,0.275,0.063,0.755,0.673,2.237,2.308,0.621,1.545,0.264,0.198,0.174,0.1,1.561,1.551,0.83,0.3,-0.335,1.435,1.001,0.872,0.203,-0.057,1.003,0.212,0.887,0.649,0.565,0.264,0.55,1.07,0.678,0.351,1.983,0.832,-1.133,-0.248,0.657,0.838,1.843,0.861,1.636,0.786,2.006,1.455
"155",2004,-0.251,-0.039,3.632,NA,0.425,2.77,1.766,1.268,1.268,0.882,-0.104,0.704,1.088,0.398,-0.863,1.651,-0.3,-0.825,0.973,1.929,-0.239,0.708,0.223,0.541,-0.295,-0.136,-0.36,0.629,0.585,0.548,0.416,NA,0.229,0.762,-0.282,1.059,1.809,-1.054,0.744,0.244,1.3,1.455,0.992,-0.071,0.177,-0.668,1.047,0.728,1.04,0.313,0.022,0.72,0.74,2.005,2.121,0.545,1.466,0.333,0.223,-0.013,0.07,1.496,1.722,0.854,0.424,-0.344,1.311,1.051,0.858,0.19,-0.019,1.195,0.239,0.926,0.693,0.445,0.296,0.585,1.055,0.649,0.269,1.726,0.708,-1.231,-0.257,0.647,0.851,1.664,0.88,1.666,0.748,1.733,1.382
"156",2005,-0.287,-0.024,3.768,NA,0.657,2.692,1.497,1.301,1.149,0.816,0.063,0.89,1.076,0.406,-0.863,1.657,-0.46,-0.777,0.885,1.949,-0.079,0.986,0.339,0.654,-0.361,-0.146,-0.214,0.882,0.758,0.79,0.645,NA,0.371,0.824,-0.43,1.007,2.084,-0.898,1.004,0.392,1.375,1.719,1.14,-0.108,0.335,-0.438,1.253,0.968,1.159,0.537,0.127,0.558,0.727,1.87,2.037,0.516,1.503,0.419,0.298,-0.029,0.307,1.725,2.064,0.979,0.664,-0.372,1.255,1.11,0.878,0.184,0.118,1.467,0.331,1.139,0.791,0.514,0.304,0.772,1.13,0.692,0.396,1.677,0.612,-1.311,-0.269,0.496,1.079,1.724,1.005,1.797,0.82,1.804,1.532
"157",2006,-0.028,0.172,3.809,0.761,1.06,2.471,1.41,1.237,1.047,0.767,0.261,1.012,1.219,0.62,-0.711,1.895,-0.397,-0.545,0.956,2.097,0.337,1.522,0.808,0.985,-0.047,0.243,0.249,1.506,1.262,1.138,1.081,NA,0.682,1.154,-0.071,1.238,2.651,-0.434,1.41,0.789,1.776,2.426,1.8,0.116,0.792,0.198,2.04,1.655,1.662,1.079,0.527,0.44,1.023,1.847,2.006,0.982,1.819,0.753,0.552,0.052,0.982,2.495,2.823,1.291,1.099,-0.168,1.642,1.406,1.201,0.332,0.76,2.13,0.649,1.443,1.095,0.737,0.45,1.13,1.311,0.793,0.636,1.631,0.895,-1.11,0.099,0.632,1.731,2.141,1.503,2.288,1.345,1.983,1.74
"158",2007,0.243,0.292,3.975,0.948,1.279,2.219,1.138,1.207,0.844,0.903,0.459,1.25,1.288,0.782,-0.663,2.005,-0.228,-0.291,1.289,2.227,0.644,1.812,1.084,1.351,0.37,0.33,0.438,1.738,1.535,1.313,1.234,NA,0.977,1.215,0.093,1.314,2.886,-0.226,1.758,1.144,2.028,2.773,2.011,0.285,1.162,0.447,2.553,1.834,1.857,1.233,0.613,0.446,1.086,2.05,2.172,1.254,1.902,0.885,0.918,0.138,1.106,2.759,2.866,1.606,1.341,0.052,1.8,1.452,1.401,0.549,1.109,2.267,1.063,1.868,1.486,0.834,0.724,1.434,1.396,0.994,0.731,1.674,1.106,-0.796,0.142,0.582,1.894,2.41,1.768,2.429,1.69,2.218,1.956
"159",2008,0.084,0.112,4.256,1.182,0.99,2.228,1.162,1.483,0.654,0.754,0.435,1.251,1.193,0.65,-0.912,1.919,-0.308,-0.423,1.187,2.089,0.265,1.354,0.609,1.024,0.088,-0.211,-0.114,1.351,1.214,1.144,0.879,NA,0.732,1.06,-0.081,1.208,2.435,-0.678,1.462,0.813,1.646,2.361,1.478,0.103,0.879,0.038,2.593,1.506,1.584,0.86,0.429,0.487,0.826,2.029,2.175,1.076,1.718,0.723,0.9,-0.158,0.839,2.236,2.516,1.306,1.135,-0.252,1.625,1.149,1.127,0.373,0.811,1.814,0.817,1.609,1.298,0.916,0.673,1.472,1.275,0.861,0.538,1.578,1.024,-0.915,-0.217,0.421,1.237,2.022,1.293,1.737,1.252,2.151,1.825
"160",2009,0.034,0.07,4.435,1.241,0.795,2.29,1.361,1.653,0.727,0.632,0.279,1.098,1.234,0.579,-0.901,1.763,-0.288,-0.417,1.082,2.081,0.191,1.12,0.366,0.883,0.017,-0.498,-0.416,1.195,1.002,0.961,0.609,NA,0.585,0.877,-0.186,1.013,2.185,-0.994,1.37,0.67,1.451,2.126,1.225,0.008,0.641,-0.155,2.526,1.044,1.223,0.583,0.156,0.524,0.576,2.029,2.237,0.864,1.472,0.572,0.95,-0.194,0.411,1.856,2.101,1.101,0.933,-0.352,1.509,0.903,0.908,0.355,0.564,1.363,0.625,1.398,1.146,1,0.677,1.257,1.331,0.829,0.411,1.464,0.94,-0.98,-0.319,0.493,0.888,1.805,1.043,1.329,0.996,1.901,1.588
"161",2010,-0.008,-0.059,4.478,1.103,0.894,2.188,1.423,1.647,0.657,0.443,0.314,1.226,1.087,0.44,-0.94,2.045,-0.202,-0.35,1.132,2.141,0.381,1.236,0.542,1.097,0.193,-0.467,-0.371,1.263,1.018,0.995,0.509,NA,0.595,1.185,0.077,1.335,2.513,-0.708,1.672,0.99,1.668,2.314,1.463,-0.12,0.709,-0.109,2.413,0.78,1.278,0.553,0.134,0.462,0.846,1.906,2.222,1.035,1.769,0.894,1.178,-0.052,0.388,2.021,2.021,1.236,0.989,-0.225,1.812,1.091,1.017,0.462,0.596,1.33,0.622,1.435,1.158,0.854,0.659,1.234,1.159,0.77,0.275,1.364,1.048,-0.806,-0.074,0.617,1.039,2.052,1.216,1.405,1.289,1.834,1.533
"162",2011,0.175,0.031,4.421,1.015,1.087,1.932,1.414,1.494,0.56,0.221,0.255,1.32,1.217,0.532,-0.871,2.184,-0.046,-0.193,1.303,2.102,0.483,1.2,0.543,1.187,0.276,-0.498,-0.424,1.348,0.991,1.01,0.395,NA,0.851,1.265,0.248,1.416,2.433,-0.843,1.642,1.036,1.629,2.329,1.396,-0.092,0.754,-0.187,2.196,0.387,1.047,0.503,0.104,0.187,0.917,1.963,2.209,1.011,1.791,0.954,1.338,0.043,0.313,2.007,1.759,1.249,1.202,-0.164,1.873,1.157,0.999,0.62,0.515,1.266,0.685,1.522,1.286,1.163,0.983,1.53,1.301,0.836,0.543,1.164,1.266,-0.61,-0.103,0.592,0.929,1.992,1.186,1.317,1.182,1.663,1.369
"163",2012,0.397,0.22,4.485,1.058,1.562,1.934,1.52,1.71,0.475,0.422,0.64,1.654,1.323,0.77,-0.816,2.406,0.07,-0.085,1.577,2.388,0.852,1.388,0.906,1.433,0.516,-0.287,-0.186,1.82,1.374,1.285,0.624,NA,1.158,1.462,0.466,1.544,2.724,-0.5,2.004,1.458,1.914,2.71,1.839,-0.026,1.084,0.121,2.394,0.725,1.427,0.865,0.377,0.313,1.13,2.175,2.384,1.181,1.88,1.16,1.495,0.206,0.695,2.403,1.975,1.465,1.692,-0.001,2.002,1.293,1.207,0.79,0.874,1.528,0.907,1.826,1.43,1.43,1.256,1.925,1.645,1.24,0.959,1.619,1.37,-0.484,0.09,0.656,1.205,2.264,1.549,1.576,1.544,2.145,1.647
"164",2013,0.517,0.18,4.443,0.851,1.594,1.908,1.536,1.857,0.208,-0.049,0.575,1.57,1.457,0.89,-0.722,2.646,0.163,-0.034,1.622,2.08,0.839,1.265,0.929,1.468,0.554,-0.332,-0.313,1.833,1.302,1.228,0.466,NA,1.176,1.635,0.653,1.727,2.715,-0.572,2.159,1.639,2.001,2.596,1.809,-0.042,1.039,-0.034,2.282,0.671,1.343,0.825,0.247,-0.037,1.241,2.055,2.22,1.386,2.074,1.305,1.521,0.278,0.64,2.229,1.75,1.638,1.69,0.126,2.14,1.447,1.361,0.931,0.688,1.289,0.956,1.845,1.492,1.589,1.243,1.934,1.879,1.253,0.982,1.453,1.369,-0.377,0.036,0.726,1.008,2.241,1.521,1.447,1.531,2.038,1.457
"165",2014,0.333,-0.09,4.652,1.146,1.46,2.112,1.803,2.288,0.277,-0.084,0.601,1.652,1.435,0.781,-0.792,2.703,0.286,-0.126,1.58,2.191,0.664,0.882,0.709,1.128,0.423,-0.631,-0.678,1.726,1.282,1.124,0.325,NA,1.013,1.723,0.506,1.768,2.593,-0.89,1.969,1.458,1.765,2.299,1.668,-0.2,0.907,-0.247,NA,0.688,NA,0.735,0.102,0.162,1.161,2.125,2.361,1.429,2.071,1.324,1.418,0.248,0.665,2.147,1.575,1.569,1.652,-0.027,2.122,1.316,1.26,0.961,0.453,1.031,0.84,1.633,1.434,1.667,1.076,1.909,1.822,1.294,1.172,1.803,1.281,-0.475,0.092,0.893,0.694,1.984,1.301,1.202,1.23,NA,1.346
"166",2015,0.585,0.013,4.763,1.235,1.444,2.245,2.122,2.425,0.387,-0.143,0.657,1.771,1.757,0.925,-0.576,2.922,0.569,0.04,1.808,2.48,0.711,0.77,0.608,1.12,0.505,-0.635,-0.692,1.825,1.352,1.094,0.365,1.841,1.007,1.812,0.567,1.837,2.525,-0.989,1.903,1.456,1.767,2.322,1.842,-0.105,0.909,-0.264,NA,0.861,NA,0.787,0.146,0.47,1.227,2.126,2.364,1.483,2.176,1.372,1.512,0.478,0.817,2.342,1.632,1.544,1.665,0.081,2.298,1.328,1.28,1.233,0.495,1.058,0.918,1.6,1.59,1.697,1.074,1.84,1.729,1.407,1.217,2.096,1.451,-0.41,0.482,1.167,0.661,1.935,1.297,1.275,1.3,NA,1.384
"167",2016,0.827,0.093,4.881,1.314,1.485,2.389,2.155,2.603,0.545,-0.132,0.705,1.978,1.893,1.052,-0.493,3.038,0.82,0.188,2.047,2.536,0.898,0.828,0.638,1.229,0.671,-0.525,-0.627,1.964,1.39,1.064,0.422,2.045,1.076,1.8,0.54,1.856,2.627,-1.032,2.007,1.552,1.828,2.354,1.82,0.082,0.959,-0.369,NA,0.823,NA,0.936,0.245,0.633,1.311,2.136,2.479,1.446,2.207,1.426,1.619,0.688,0.968,2.473,1.649,1.564,1.569,0.263,2.379,1.377,1.412,1.49,0.551,1.077,1.042,1.737,1.8,1.591,1.125,1.823,1.798,1.593,1.185,2.338,1.501,-0.329,0.621,1.353,0.578,2.005,1.366,1.375,1.336,NA,1.496
"168",2017,0.954,0.252,4.969,1.453,1.641,2.547,2.416,2.77,0.628,0.065,0.917,2.214,2.073,1.302,-0.294,3.207,1.057,0.406,2.134,2.405,1.088,0.885,0.765,1.272,0.73,-0.378,-0.547,2.212,1.466,1.201,0.531,2.059,1.159,1.946,0.63,1.942,2.766,-1.133,2.162,1.552,1.958,2.409,1.797,0.303,1.054,-0.312,NA,0.713,NA,1.153,0.423,0.789,1.494,2.424,2.688,1.553,2.33,1.603,1.621,0.786,1.039,2.56,1.759,1.613,1.569,0.412,2.54,1.513,1.53,1.695,0.664,1.145,1.042,1.653,1.786,1.875,1.332,2.05,2.043,1.777,1.351,2.569,1.659,-0.275,0.628,1.477,0.526,2.161,1.409,1.549,1.363,NA,1.62
"169",2018,1.105,0.576,5.083,1.562,1.794,2.657,2.499,2.954,0.752,0.413,1.101,2.432,2.265,1.47,-0.059,3.279,1.191,0.572,2.339,2.582,1.358,1.118,1.001,1.434,0.874,-0.056,-0.318,2.467,1.689,1.282,0.697,2.216,1.316,2.024,0.732,2.047,2.974,-1.096,2.332,1.699,2.14,2.609,2.04,0.622,1.31,-0.107,NA,0.606,NA,1.391,0.548,1.007,1.658,2.604,2.865,1.681,2.388,1.732,1.62,1.013,1.058,2.707,1.841,1.739,1.451,0.555,2.566,1.623,1.636,1.952,0.809,1.237,1.281,1.73,1.914,1.784,1.388,1.904,2.061,1.938,1.361,3,1.791,-0.157,0.924,1.808,0.672,2.357,1.59,1.894,1.573,NA,1.813
"170",2019,1.419,0.897,4.978,1.491,1.938,2.798,2.492,3.076,0.837,0.484,1.1,2.573,2.448,1.747,0.199,3.604,1.496,0.928,2.747,2.62,1.37,1.285,1.105,1.517,0.976,0.003,-0.261,2.41,1.767,1.353,0.874,2.53,1.444,2.116,1.06,2.298,3.008,-1.177,2.415,1.754,2.261,2.572,2.155,0.959,1.533,-0.076,NA,0.489,NA,1.554,0.664,1.062,1.763,2.812,2.812,1.848,2.552,1.908,1.734,1.357,NA,2.635,1.842,1.911,1.395,0.704,2.735,1.871,1.853,2.195,0.856,1.169,1.63,1.843,2.218,1.691,1.432,1.904,2.07,2.023,1.451,3.149,2.107,0.148,0.974,2.001,0.637,2.429,1.66,2.027,1.71,NA,1.913
"171",2020,1.742,1.335,5.18,1.699,1.924,3.146,2.704,3.36,0.873,0.623,1.213,2.684,2.898,2.157,0.602,3.681,1.923,1.307,2.968,2.692,1.337,1.325,1.286,1.531,1.027,0.037,-0.217,2.424,1.791,1.434,1.154,2.596,1.524,2.14,1.239,2.266,2.975,-1.383,2.419,1.65,2.259,2.535,2.099,1.351,1.603,-0.027,NA,0.917,NA,1.699,0.892,1.328,1.774,3.154,2.895,1.932,2.604,1.945,1.859,1.583,NA,2.575,2.169,2.014,1.318,0.843,2.775,2.019,2.11,2.365,1.169,1.253,1.849,1.83,2.437,1.983,1.678,1.899,2.323,2.176,1.595,3.45,2.43,0.453,1.103,2.169,0.619,2.458,1.641,2.144,1.707,NA,2.072
"172",2021,1.799,1.407,5.284,1.868,1.805,3.463,2.863,3.717,0.893,0.866,1.423,2.835,3.033,2.275,0.597,3.744,1.884,1.359,3.006,2.972,1.347,1.491,1.561,1.514,1.058,0.118,-0.062,2.496,1.891,1.491,1.402,2.662,1.489,2.251,1.367,2.379,3.301,-1.183,2.673,1.75,2.409,2.716,2.349,1.482,1.675,0.211,NA,1.175,NA,1.934,1.213,1.794,1.95,3.257,2.965,2.061,2.653,1.843,1.794,1.675,NA,2.81,2.726,2.094,1.1,0.889,2.828,2.24,2.411,2.246,1.599,1.625,1.999,1.82,2.493,1.843,1.616,1.802,2.286,2.13,1.457,3.9,2.419,0.609,1.465,2.424,0.866,2.787,1.756,2.453,1.956,NA,2.31
